Name,Mean,MeanLB,MeanUB,Stddev,StddevLB,StddevUB
"bench/./torus_matrix_multicore 1 128 +RTS -N1",0.14848095744695997,0.14600078229003746,0.14990206003854956,2.506306510494643e-3,1.493542795374425e-3,3.4190644812571586e-3
"bench/./torus_matrix_multicore 1 128 +RTS -N2",0.18852954094962587,0.17546316887297425,0.1990415516971241,1.4685607618428173e-2,9.174756802231709e-3,2.065740386187617e-2
"bench/./torus_matrix_multicore 1 128 +RTS -N4",0.30158688648311305,0.28709904770528827,0.31684496046492616,1.8703737791214627e-2,9.301658246246847e-3,2.35922632714472e-2
"bench/./torus_matrix_multicore 1 128 +RTS -N8",1.1656666374564209,0.8033407387469716,1.3483080735821291,0.313814779710732,0.0,0.31634424693707247
