"","name","time","nCores","speedup","max stddev","factor","factorStdDev","overhead","stdDevForOverhead","runtimeX","runtimeY"
"2","bench/./torus_matrix_eden_sm 512-bench/./torus_matrix_parrows_eden_sm 512",-2.5608302844275066e-2,2,9.228903208064798e-3,2.147825108427456e-2,1.0053596092509414,4.495223049545117e-3,5.331036975848392e-3,4.471258849253305e-3,4.778016763027588,4.803625065871863
"3","bench/./torus_matrix_eden_sm 512-bench/./torus_matrix_parrows_eden_sm 512",-1.883248348409916e-2,4,2.1241952632678363e-2,2.4258188081648126e-2,1.006978596732971,8.989154948008718e-3,6.930233428607263e-3,8.926858005893098e-3,2.6986060671945378,2.717438550678637
"4","bench/./torus_matrix_eden_sm 512-bench/./torus_matrix_parrows_eden_sm 512",-4.422902189091671e-2,8,0.1297177337063422,1.7913418837691958e-2,1.0266857291530669,1.080812152000734e-2,2.5992110726113234e-2,1.052719562871802e-2,1.6574035371948515,1.7016325590857682
"5","bench/./torus_matrix_eden_sm 512-bench/./torus_matrix_parrows_eden_sm 512",7.168860122975573e-3,16,-3.707054701625889e-2,8.547446046412084e-2,0.9943478239343864,6.739100657135076e-2,-5.68430475691028e-3,6.777407759057727e-2,1.2683363079556331,1.2611674478326576
