"","name","time","nCores","speedup","max stddev"
"1","bench/./torus_matrix_eden 32 1024 64 200-bench/./torus_matrix_parrows 32 1024 64 200",2.009935021245232,64,-0.17402547488596198,0.3722262949740903
"2","bench/./torus_matrix_eden 32 1024 64 200-bench/./torus_matrix_parrows 32 1024 64 200",0.2911740645973211,128,-8.117911165910541e-2,0.2482226687130104
"3","bench/./torus_matrix_eden 32 1024 64 200-bench/./torus_matrix_parrows 32 1024 64 200",-9.855436973480636e-2,256,4.57140647078349e-2,0.16422543657647462
"4","bench/./torus_matrix_eden 32 1024 64 200-bench/./torus_matrix_parrows 32 1024 64 200",-0.1609253648461575,512,6.218640132765252e-2,0.1328263999914434
