"","name","time","nCores","speedup","max stddev"
"1","bench/./torus_matrix_eden 32 512 64 200-bench/./torus_matrix_parrows 32 512 64 200",1.781097823753953,64,-0.1525132531187623,0.3044171019534361
"2","bench/./torus_matrix_eden 32 512 64 200-bench/./torus_matrix_parrows 32 512 64 200",0.39182301067436764,128,-0.1078026404782606,0.19495297732691724
"3","bench/./torus_matrix_eden 32 512 64 200-bench/./torus_matrix_parrows 32 512 64 200",-0.40712220661549114,256,0.17721261785176656,1.0048201161334338
"4","bench/./torus_matrix_eden 32 512 64 200-bench/./torus_matrix_parrows 32 512 64 200",-2.9967572854107463,512,0.5350910842656271,1.5985605836577386
