"","name","time","nCores","speedup","stddev"
"1","bench/./torus_matrix_parrows 32 1024 64 200",11.549659741266796,64,1.174025474885962,0.20653231983800568
"2","bench/./torus_matrix_parrows 32 1024 64 200",6.829861927984967,128,1.9853395142517254,6.807190853920732e-2
"3","bench/./torus_matrix_parrows 32 1024 64 200",5.4562528504891326,256,2.485147799060753,0.16422543657647462
"4","bench/./torus_matrix_parrows 32 1024 64 200",6.004638722839519,512,2.258186610117963,0.1328263999914434
