"","name","time","nCores","speedup","stddev"
"2","bench/./torus_matrix_parrows 4096",454.10267928199795,16,18.306617378131726,1.6727159083846082
"3","bench/./torus_matrix_parrows 4096",231.63430149624074,32,35.88882970398456,1.158089798724921
"4","bench/./torus_matrix_parrows 4096",138.09343505959703,64,60.19898046863937,1.1173181856765932
"5","bench/./torus_matrix_parrows 4096",110.87470563603101,96,74.97728135837768,1.048419576885694
"6","bench/./torus_matrix_parrows 4096",88.92221965432323,128,93.48714002322855,0.7294386979080415
"7","bench/./torus_matrix_parrows 4096",84.98850294821949,160,97.81421853100379,0.10576792575580032
"8","bench/./torus_matrix_parrows 4096",84.76158583017845,192,98.07607914103251,0.29976558202053005
"9","bench/./torus_matrix_parrows 4096",83.76047554113956,224,99.24829039344422,0.5247655401424386
"10","bench/./torus_matrix_parrows 4096",64.83434896500732,256,128.2203667146681,0.9618207928358802
