"","name","time","nCores","speedup","stddev"
"2","bench/./torus_matrix_parrows 1024",7.31995701503561,16,13.57461865351675,4.863270796801377e-2
"3","bench/./torus_matrix_parrows 1024",4.997741900832846,64,19.882104160417814,4.569688478806846e-2
"4","bench/./torus_matrix_parrows 1024",4.311384218158551,256,23.047267423009572,0.13002980501315511
