"","name","time","nCores","speedup","stddev"
"1","bench/./torus_matrix_eden 32 1024 64 200",13.559594762512027,64,1.0,0.3722262949740903
"2","bench/./torus_matrix_eden 32 1024 64 200",7.121035992582288,128,1.90416040259262,0.2482226687130104
"3","bench/./torus_matrix_eden 32 1024 64 200",5.357698480754326,256,2.530861863768588,0.1351210779040246
"4","bench/./torus_matrix_eden 32 1024 64 200",5.843713357993361,512,2.3203730114456156,7.388434198406421e-2
