"","name","time","nCores","speedup","stddev"
"2","bench/./torus_matrix_eden 4096",452.0356729302612,16,18.39032735206834,1.0039480678432153
"3","bench/./torus_matrix_eden 4096",229.06717974411688,32,36.291030471000965,0.5990425252381059
"4","bench/./torus_matrix_eden 4096",135.95204266055748,64,61.14717982396155,0.8456740622139473
"5","bench/./torus_matrix_eden 4096",110.07386773078134,96,75.52277549047464,0.7019142945041688
"6","bench/./torus_matrix_eden 4096",87.74373681738302,128,94.74276229312683,0.4347854719208514
"7","bench/./torus_matrix_eden 4096",83.55410364248016,160,99.4934256678867,1.8422381873281372e-2
"8","bench/./torus_matrix_eden 4096",84.07896269421768,192,98.87234254106363,0.3211540155517387
"9","bench/./torus_matrix_eden 4096",83.25237507692385,224,99.85401608445218,0.2407233680643404
"10","bench/./torus_matrix_eden 4096",64.51897166233253,256,128.84712489696028,0.6358306507814391
