"","name","time","nCores","speedup","stddev"
"2","bench/./torus_matrix_eden 1024",7.20384152428489,16,14.011887117371852,3.963824948001883e-2
"3","bench/./torus_matrix_eden 1024",4.87227048821472,64,20.71712038440249,3.9902471672768766e-2
"4","bench/./torus_matrix_eden 1024",4.302771705858139,256,23.459161012955633,7.225064055429728e-2
