"","name","time","nCores","speedup","stddev"
"1","bench/./torus_matrix_parrows 32 512 64 200",11.678315079719718,64,1.1525132531187623,0.22465583359854788
"2","bench/./torus_matrix_parrows 32 512 64 200",6.801116766305083,128,1.9790004150724079,5.007459359816e-2
"3","bench/./torus_matrix_parrows 32 512 64 200",5.767968703579221,256,2.3334753697816786,1.0048201161334338
"4","bench/./torus_matrix_parrows 32 512 64 200",10.308830906999672,512,1.3056197181714138,1.5985605836577386
