"","name","time","nCores","speedup","stddev"
"2","bench/./torus_matrix_eden 4096",450.5491016992555,16,18.451005603267276,0.19620736798610777
"3","bench/./torus_matrix_eden 4096",229.2289060294298,32,36.26542631116826,1.537469099341723
"4","bench/./torus_matrix_eden 4096",134.84763596880364,64,61.647977291371966,1.6392292100730201
"5","bench/./torus_matrix_eden 4096",110.05212058800389,96,75.53769936993072,0.6211300828323626
"6","bench/./torus_matrix_eden 4096",88.2712752011999,128,94.17654815852256,0.3051177378344636
"7","bench/./torus_matrix_eden 4096",84.23918873796872,160,98.68428369910316,1.2059378857195182
"8","bench/./torus_matrix_eden 4096",84.03116375508831,192,98.92858349824557,0.4548244426792016
"9","bench/./torus_matrix_eden 4096",83.07317840733059,224,100.06941060132151,0.42001709084338806
"10","bench/./torus_matrix_eden 4096",62.67111444163664,256,132.64618116439715,0.2601125431765621
