"","name","time","nCores","speedup","stddev"
"1","bench/./torus_matrix_eden 32 512 64 200",13.459412903473671,64,1.0,0.3044171019534361
"2","bench/./torus_matrix_eden 32 512 64 200",7.1929397769794505,128,1.8711977745941475,0.19495297732691724
"3","bench/./torus_matrix_eden 32 512 64 200",5.36084649696373,256,2.510687987633445,0.1640778574229585
"4","bench/./torus_matrix_eden 32 512 64 200",7.312073621588926,512,1.8407108024370409,1.3882415061648563
