"","name","time","nCores","speedup"
"1","bench/./skelrm-parr-eden-cp 11213 32",37.82903585785817,1,1.0
"2","bench/./skelrm-parr-eden-cp 11213 32",19.130447492423375,2,1.977425560632619
"3","bench/./skelrm-parr-eden-cp 11213 32",10.006692393657637,4,3.7803736109480766
"4","bench/./skelrm-parr-eden-cp 11213 32",5.183175764537814,8,7.298428140653919
"5","bench/./skelrm-parr-eden-cp 11213 32",2.8832069383206953,16,13.12047198384291
"6","bench/./skelrm-parr-eden-cp 11213 32",2.353440849636401,32,16.073926762893844
