"","name","time","nCores","speedup"
"1","bench/./skelrm-parr-par 11213 32",38.203836374945354,1,1.0
"2","bench/./skelrm-parr-par 11213 32",19.31862754816826,2,1.9775647250142125
"3","bench/./skelrm-parr-par 11213 32",10.159656933004186,4,3.7603470891657924
"4","bench/./skelrm-parr-par 11213 32",5.305269885560943,8,7.201110819813824
"5","bench/./skelrm-parr-par 11213 32",2.882934131666119,16,13.251720167767555
"6","bench/./skelrm-parr-par 11213 32",2.524544472729275,32,15.132962317611042
