"","name","time","nCores","speedup"
"1","bench/./skelrm-parr-mult 9941 64",56.1126241972598,1,1.0
"2","bench/./skelrm-parr-mult 9941 64",31.25457200678859,2,1.7953413083075322
"3","bench/./skelrm-parr-mult 9941 64",15.074673456473363,4,3.722311090802695
"4","bench/./skelrm-parr-mult 9941 64",7.955765026334803,8,7.053077109683154
"5","bench/./skelrm-parr-mult 9941 64",4.361810673658494,16,12.864525399080426
"6","bench/./skelrm-parr-mult 9941 64",4.080962117375583,32,13.749851771068423
