"","name","time","nCores","speedup"
"1","bench/./skelrm-parr-mult 4423 64",6.828644781527257,1,1.0
"2","bench/./skelrm-parr-mult 4423 64",6.755255650612739,2,1.0108640049629893
"3","bench/./skelrm-parr-mult 4423 64",5.5691166604931635,4,1.2261629981589501
"4","bench/./skelrm-parr-mult 4423 64",2.7459457394095366,8,2.4868098023654417
"5","bench/./skelrm-parr-mult 4423 64",1.4058113151080271,16,4.857440474508146
"6","bench/./skelrm-parr-mult 4423 64",0.5882392057445802,32,11.608618933999322
