"","name","time","nCores","speedup"
"1","bench/./skelrm-parr-mult 4423 32",3.4500123967540612,1,1.0
"2","bench/./skelrm-parr-mult 4423 32",3.37234250370738,2,1.0230314367420554
"3","bench/./skelrm-parr-mult 4423 32",2.4635819854596,4,1.4004049457726633
"4","bench/./skelrm-parr-mult 4423 32",1.2670155926857005,8,2.7229439137690874
"5","bench/./skelrm-parr-mult 4423 32",0.5747850018148385,16,6.002265866125453
"6","bench/./skelrm-parr-mult 4423 32",0.3010778749135853,32,11.458870558802356
