"","name","time","nCores","speedup"
"1","bench/./skelrm-parr-eden-cp 11213 64",75.82723948036748,1,1.0
"2","bench/./skelrm-parr-eden-cp 11213 64",38.26483564091043,2,1.981642889883411
"3","bench/./skelrm-parr-eden-cp 11213 64",19.97583768429662,4,3.7959479186185363
"4","bench/./skelrm-parr-eden-cp 11213 64",10.326385672870092,8,7.343057085266914
"5","bench/./skelrm-parr-eden-cp 11213 64",5.514088793929114,16,13.751544872445933
"6","bench/./skelrm-parr-eden-cp 11213 64",4.669924239230655,32,16.237359664931013
