"","name","time","nCores","speedup"
"1","bench/./skelrm-parr-eden-cp 9941 64",56.09387665086017,1,1.0
"2","bench/./skelrm-parr-eden-cp 9941 64",28.365343027602364,2,1.9775497372365678
"3","bench/./skelrm-parr-eden-cp 9941 64",14.825121171259429,4,3.783704429991843
"4","bench/./skelrm-parr-eden-cp 9941 64",7.676097789721611,8,7.307603184259919
"5","bench/./skelrm-parr-eden-cp 9941 64",4.16113419614261,16,13.480429615286004
"6","bench/./skelrm-parr-eden-cp 9941 64",3.5039460521834527,32,16.008772913585748
