"","name","time","nCores","speedup","max stddev"
"2","bench/./jacobi-eden 3 1279-bench/./jacobi-parr 3 1279",0.4133054579918607,2,-1.5051822342657228e-2,0.22928976300556905
"3","bench/./jacobi-eden 3 1279-bench/./jacobi-parr 3 1279",0.36953034386452543,4,-4.6814383582729935e-2,0.22540487376973625
"4","bench/./jacobi-eden 3 1279-bench/./jacobi-parr 3 1279",0.13612339697364284,8,-5.1315249827228016e-2,1.596341331641029e-2
"5","bench/./jacobi-eden 3 1279-bench/./jacobi-parr 3 1279",8.998630407990582e-2,16,-6.972113246389533e-2,2.6547307216198527e-2
"6","bench/./jacobi-eden 3 1279-bench/./jacobi-parr 3 1279",2.506568432889278e-2,32,-1.454671464623658e-2,2.357951997560928e-2
"7","bench/./jacobi-eden 3 1279-bench/./jacobi-parr 3 1279",7.012328081247077e-3,64,9.167128049742956e-3,5.040642966912847e-2
"8","bench/./jacobi-eden 3 1279-bench/./jacobi-parr 3 1279",-1.933633691320935e-2,128,5.8288891137443954e-2,4.673831353425259e-2
"9","bench/./jacobi-eden 3 1279-bench/./jacobi-parr 3 1279",1.949610825007131e-2,256,-1.270525807895595e-2,9.745347467207387e-2
