"","name","time","nCores","speedup","max stddev"
"2","bench/./jacobi-eden 3 3217-bench/./jacobi-parr 3 3217",1.8785108601052798,2,4.58933035753617e-4,3.470835392151936
"3","bench/./jacobi-eden 3 3217-bench/./jacobi-parr 3 3217",4.340732043505568,4,-9.02385426911323e-3,4.693735492874717
"4","bench/./jacobi-eden 3 3217-bench/./jacobi-parr 3 3217",-1.0799589754186627,8,1.6569585329193615e-2,4.093108562263646
"5","bench/./jacobi-eden 3 3217-bench/./jacobi-parr 3 3217",21.088397991326133,16,-0.36751046420930855,6.601216965606701
"6","bench/./jacobi-eden 3 3217-bench/./jacobi-parr 3 3217",3.3233875368410963,32,-8.181656636189594e-2,8.662524862104638
"7","bench/./jacobi-eden 3 3217-bench/./jacobi-parr 3 3217",1.7415868501282148,64,-4.619717554935754e-2,2.6296792292520066
"8","bench/./jacobi-eden 3 3217-bench/./jacobi-parr 3 3217",-0.6470000159202414,128,3.638989826738559e-2,1.2613705550803067
"9","bench/./jacobi-eden 3 3217-bench/./jacobi-parr 3 3217",-4.712622188452542e-2,256,1.5768113898799285e-2,0.6483639755433492
