"","name","time","nCores","speedup","max stddev","factor","factorStdDev","overhead","stdDevForOverhead"
"2","bench/./jacobi-eden 3 3217-bench/./jacobi-parr 3 3217",1.8785108601052798,2,4.58933035753617e-4,3.470835392151936,0.998961720168363,1.9183803847698199e-3,-1.0393589771006966e-3,1.9203742706442243e-3
"3","bench/./jacobi-eden 3 3217-bench/./jacobi-parr 3 3217",4.340732043505568,4,-9.02385426911323e-3,4.693735492874717,0.9959714917561768,4.356120566267618e-3,-4.0448027651070985e-3,4.373740214779197e-3
"4","bench/./jacobi-eden 3 3217-bench/./jacobi-parr 3 3217",-1.0799589754186627,8,1.6569585329193615e-2,4.093108562263646,1.0017089820148803,6.477143185138121e-3,1.7060663781240416e-3,6.466092748923662e-3
"5","bench/./jacobi-eden 3 3217-bench/./jacobi-parr 3 3217",21.088397991326133,16,-0.36751046420930855,6.601216965606701,0.9535128567159062,1.4551684725210923e-2,-4.875355686781717e-2,1.5261131113984042e-2
"6","bench/./jacobi-eden 3 3217-bench/./jacobi-parr 3 3217",3.3233875368410963,32,-8.181656636189594e-2,8.662524862104638,0.9905871807869088,2.4534839693538212e-2,-9.502262290143742e-3,2.476797617555284e-2
"7","bench/./jacobi-eden 3 3217-bench/./jacobi-parr 3 3217",1.7415868501282148,64,-4.619717554935754e-2,2.6296792292520066,0.9945499664680119,8.229184767180075e-3,-5.479899166195848e-3,8.274279869924217e-3
"8","bench/./jacobi-eden 3 3217-bench/./jacobi-parr 3 3217",-0.6470000159202414,128,3.638989826738559e-2,1.2613705550803067,1.0020304644135496,3.958528533800883e-3,2.026349982021734e-3,3.9505071695775835e-3
"9","bench/./jacobi-eden 3 3217-bench/./jacobi-parr 3 3217",-4.712622188452542e-2,256,1.5768113898799285e-2,0.6483639755433492,1.000148569648767,2.0440256881988387e-3,1.4854757910546599e-4,2.0437220531312273e-3
