"","name","time","nCores","speedup","max stddev","factor","factorStdDev","overhead","stdDevForOverhead","runtimeX","runtimeY"
"2","bench/./jacobi-eden 3 3217-bench/./jacobi-parr 3 3217",-2.0584145445996,2,-1.1811187947899038e-2,8.134454961723312,1.0011343717739165,4.48281719004694e-3,1.1330864326498675e-3,4.477737770708848e-3,1814.5854753533092,1816.6438898979088
"3","bench/./jacobi-eden 3 3217-bench/./jacobi-parr 3 3217",-0.9963745524485148,4,-2.0629566218001827e-2,1.4129892244566369,1.0009276963897298,1.3155946215550507e-3,9.268365667929553e-4,1.3143752803527174e-3,1074.0308612591198,1075.0272358115683
"4","bench/./jacobi-eden 3 3217-bench/./jacobi-parr 3 3217",0.5493928531391248,8,-4.483631403848687e-2,4.36832870002235,0.9991343259039122,6.883141957889135e-3,-8.664241370194638e-4,6.8891056782199814e-3,634.6416689860038,634.0922761328646
"5","bench/./jacobi-eden 3 3217-bench/./jacobi-parr 3 3217",16.688426074054576,16,-0.35475384677816635,4.039609740413705,0.9630427250275345,8.945898630310279e-3,-3.837552998638646e-2,9.289202231452924e-3,451.5599726031766,434.87154652912204
"6","bench/./jacobi-eden 3 3217-bench/./jacobi-parr 3 3217",4.935695195260166,32,-0.20553650896445497,5.674025196514964,0.9863164291106857,1.5730494476001618e-2,-1.3873408660192429e-2,1.5948730054294088e-2,360.70227831497823,355.76658311971806
"7","bench/./jacobi-eden 3 3217-bench/./jacobi-parr 3 3217",1.0748714434189992,64,-0.11690742760240269,3.1989413253663828,0.9966299988167797,1.0029512010520934e-2,-3.381396493403946e-3,1.0063425767263863e-2,318.95283858384147,317.87796714042247
"8","bench/./jacobi-eden 3 3217-bench/./jacobi-parr 3 3217",2.496198969168802,128,-0.1631913089832775,4.366642132417982,0.9922771302863226,1.3509743690883763e-2,-7.782976628161342e-3,1.3614889710282362e-2,323.2216859424615,320.7254869732927
"9","bench/./jacobi-eden 3 3217-bench/./jacobi-parr 3 3217",-1.0052940241164379,256,-4.509725619081095e-2,1.259171740268168,1.0031583771560493,3.95599612113595e-3,3.1484332165009205e-3,3.943540931543817e-3,318.2944830356915,319.2997770598079
