"","name","time","nCores","speedup","max stddev","factor","factorStdDev","overhead","stdDevForOverhead","runtimeX","runtimeY"
"2","bench/./jacobi-eden 3 4253-bench/./jacobi-parr 3 4253",-1005.1762045583973,128,-3.197442310920451e-14,1109.638897503612,1.1227664243938644,0.13552489523437977,0.10934279982601101,0.12070622374332587,8187.712638217338,9192.888842775736
"3","bench/./jacobi-eden 3 4253-bench/./jacobi-parr 3 4253",-94.33355610324907,256,-6.782322444655065,246.35074118159503,1.0606738145747254,0.1584488045212518,5.720308519075901e-2,0.1493850440578487,1554.7655403645124,1649.0990964677615
