"","name","time","nCores","speedup","max stddev","factor"
"2","bench/./jacobi-eden 3 4253-bench/./jacobi-parr 3 4253",-1005.1762045583973,128,-1.3536446530793e-5,1109.638897503612,1.1227664243938644
"3","bench/./jacobi-eden 3 4253-bench/./jacobi-parr 3 4253",-94.33355610324907,256,-7.17475259016723,246.35074118159503,1.0606738145747254
