"","name","time","nCores","speedup","stddev"
"2","bench/./jacobi-parr 3 3217",1816.6438898979088,2,1.9333183756964682,7.112862589471141
"3","bench/./jacobi-parr 3 3217",1075.0272358115683,4,3.267034450327128,0.8382507953017571
"4","bench/./jacobi-parr 3 3217",634.0922761328646,8,5.538864210515031,2.7973362296565747
"5","bench/./jacobi-parr 3 3217",434.87154652912204,16,8.076295270334825,0.875398930319473
"6","bench/./jacobi-parr 3 3217",355.76658311971806,32,9.872065508902713,5.29047044200345
"7","bench/./jacobi-parr 3 3217",317.87796714042247,64,11.048740011870176,3.1989413253663828
"8","bench/./jacobi-parr 3 3217",320.7254869732927,128,10.950645199983128,1.4129752899977894
"9","bench/./jacobi-parr 3 3217",319.2997770598079,256,10.999541079474287,1.259171740268168
