"","name","time","nCores","speedup","stddev"
"2","bench/./jacobi-eden 3 4253",8187.712638217338,128,21.999999999999947,628.0334533444833
"3","bench/./jacobi-eden 3 4253",1554.7655403645124,256,115.85648984640467,178.8311165437069
