"","name","time","nCores","speedup","stddev"
"2","bench/./jacobi-parr 3 4253",9192.888842775736,128,23.27270488634671,1109.638897503612
"3","bench/./jacobi-parr 3 4253",1649.0990964677615,256,129.7334948209957,246.35074118159503
