"","name","time","nCores","speedup","stddev"
"2","bench/./jacobi-parr 3 4253",9192.888842775736,128,21.99999999999998,1109.638897503612
"3","bench/./jacobi-parr 3 4253",1649.0990964677615,256,122.63881229105974,246.35074118159503
