"","name","time","nCores","speedup","stddev"
"2","bench/./jacobi-parr 3 1279",42.5732660621398,2,1.9172484629270072,0.22928976300556905
"3","bench/./jacobi-parr 3 1279",23.704881732175505,4,3.4433214998339117,1.1355759166163827e-2
"4","bench/./jacobi-parr 3 1279",13.304757602336261,8,6.134912890490188,1.596341331641029e-2
"5","bench/./jacobi-parr 3 1279",9.233794687294468,16,8.839651701562364,2.6547307216198527e-2
"6","bench/./jacobi-parr 3 1279",7.864494007266399,32,10.378738777600187,2.357951997560928e-2
"7","bench/./jacobi-parr 3 1279",7.305289782665839,64,11.1732089140527,4.0281379679367346e-2
"8","bench/./jacobi-parr 3 1279",6.60994843846742,128,12.3485878413819,1.5288657730332798e-2
"9","bench/./jacobi-parr 3 1279",6.8425163872740375,256,11.928875913432444,9.745347467207387e-2
