"","name","time","nCores","speedup","stddev"
"2","bench/./jacobi-eden 3 3217",1809.2529613559357,2,1.9433224135640852,3.470835392151936
"3","bench/./jacobi-eden 3 3217",1077.503577201577,4,3.2630627925538915,1.50384905146778
"4","bench/./jacobi-eden 3 3217",631.9311531749569,8,5.563836841949069,4.093108562263646
"5","bench/./jacobi-eden 3 3217",453.6393613703047,16,7.750566046538705,6.601216965606701
"6","bench/./jacobi-eden 3 3217",353.0703672943135,32,9.958246732950373,0.9059914122554856
"7","bench/./jacobi-eden 3 3217",319.5552540927002,64,11.002672578777991,2.6296792292520066
"8","bench/./jacobi-eden 3 3217",318.64632130595487,128,11.034057500492095,0.9523064088184796
"9","bench/./jacobi-eden 3 3217",317.1995240992674,256,11.084385582211237,0.6483639755433492
