"","name","time","nCores","speedup","stddev"
"2","bench/./jacobi-eden 3 3217",1814.5854753533092,2,1.9215071877485692,8.134454961723312
"3","bench/./jacobi-eden 3 3217",1074.0308612591198,4,3.2464048841091264,1.4129892244566369
"4","bench/./jacobi-eden 3 3217",634.6416689860038,8,5.4940278964765445,4.36832870002235
"5","bench/./jacobi-eden 3 3217",451.5599726031766,16,7.721541423556658,4.039609740413705
"6","bench/./jacobi-eden 3 3217",360.70227831497823,32,9.666528999938258,5.674025196514964
"7","bench/./jacobi-eden 3 3217",318.95283858384147,64,10.931832584267774,1.1618552970396
"8","bench/./jacobi-eden 3 3217",323.2216859424615,128,10.787453890999851,4.366642132417982
"9","bench/./jacobi-eden 3 3217",318.2944830356915,256,10.954443823283476,0.7029932708165362
