"","name","time","nCores","speedup","stddev"
"2","bench/./jacobi-eden 3 1279",42.98657152013166,2,1.90219664058435,5.2951200784393436e-2
"3","bench/./jacobi-eden 3 1279",24.07441207604003,4,3.3965071162511817,0.22540487376973625
"4","bench/./jacobi-eden 3 1279",13.440880999309904,8,6.08359764066296,1.3255647168262179e-2
"5","bench/./jacobi-eden 3 1279",9.323780991374374,16,8.769930569098468,5.754363852502603e-3
"6","bench/./jacobi-eden 3 1279",7.8895596915952915,32,10.36419206295395,7.936253951656994e-3
"7","bench/./jacobi-eden 3 1279",7.312302110747086,64,11.182376042102444,5.040642966912847e-2
"8","bench/./jacobi-eden 3 1279",6.5906121015542105,128,12.406876732519343,4.673831353425259e-2
"9","bench/./jacobi-eden 3 1279",6.862012495524109,256,11.916170655353488,5.392211221009161e-2
