"","name","time","nCores","speedup","stddev"
"2","bench/./jacobi-parr 3 3217",1807.3744504958304,2,1.9428634805283316,2.9246191852210655
"3","bench/./jacobi-parr 3 3217",1073.1628451580714,4,3.272086646823005,4.693735492874717
"4","bench/./jacobi-parr 3 3217",633.0111121503755,8,5.547267256619875,1.9235621541690175
"5","bench/./jacobi-parr 3 3217",432.55096337897857,16,8.118076510748013,3.042274483426895
"6","bench/./jacobi-parr 3 3217",349.7469797574724,32,10.04006329931227,8.662524862104638
"7","bench/./jacobi-parr 3 3217",317.81366724257197,64,11.048869754327349,1.857679717153144
"8","bench/./jacobi-parr 3 3217",319.2933213218751,128,10.997667602224709,1.2613705550803067
"9","bench/./jacobi-parr 3 3217",317.24665032115195,256,11.068617468312437,0.3462395294726111
