"","name","time","nCores","speedup","stddev"
"2","bench/./skelrm-eden-cp 11213 64",38.1703784021512,2,1.9759803536739442,1.568409081603012e-2
"3","bench/./skelrm-eden-cp 11213 64",19.888919217270313,4,3.792258241436142,1.4052856007800676e-2
"4","bench/./skelrm-eden-cp 11213 64",10.315371882342662,8,7.311798224556296,4.085153828714117e-2
"5","bench/./skelrm-eden-cp 11213 64",5.520643344528177,16,13.662160930882798,6.68263687473381e-2
