"","name","time","nCores","speedup","stddev"
"2","bench/./skelrm-par 11213 32",19.36608786058088,2,1.9476248547053272,5.125549548705472e-3
"3","bench/./skelrm-par 11213 32",10.144395514647925,4,3.718099713404509,1.922658457428221e-2
"4","bench/./skelrm-par 11213 32",5.296886242251361,8,7.120763469453523,1.8543203129882002e-2
"5","bench/./skelrm-par 11213 32",2.8840244308403116,16,13.07820892650506,4.634496594126948e-2
"6","bench/./skelrm-par 11213 32",2.5136016417376843,32,15.005509794940934,2.039580092330975e-2
