"","name","time","nCores","speedup","stddev"
"2","bench/./skelrm-par 11213 64",38.67944176468992,2,1.9514201060735852,2.4017404654093962e-2
"3","bench/./skelrm-par 11213 64",20.27120862181809,4,3.723499755711586,1.4490323227211568e-2
"4","bench/./skelrm-par 11213 64",10.52868718431221,8,7.168969789869297,1.7983786190376223e-2
"5","bench/./skelrm-par 11213 64",6.466193648415239,16,11.672994106790656,1.4465160056236366
