"","name","time","nCores","speedup","stddev"
"2","bench/./skelrm-parr-eden-cp 11213 64",38.454982470253206,2,1.9628104215027422,2.123688989688351e-2
"3","bench/./skelrm-parr-eden-cp 11213 64",19.98870871469372,4,3.776123882171186,6.842721929719526e-3
"4","bench/./skelrm-parr-eden-cp 11213 64",10.335377699124248,8,7.303055829078596,1.7080755910237198e-2
"5","bench/./skelrm-parr-eden-cp 11213 64",5.524637256591617,16,13.662406569998947,7.474233509090346e-2
"6","bench/./skelrm-parr-eden-cp 11213 64",4.668747799831064,32,16.16704169671565,8.82115921816444e-3
