"","name","time","nCores","speedup","stddev"
"2","bench/./skelrm-parr-par 4423 64",3.4888094902979194,2,1.940956699263827,5.505894958581593e-3
"3","bench/./skelrm-parr-par 4423 64",1.8722154516481369,4,3.6169064552307844,7.110486821789401e-3
"4","bench/./skelrm-parr-par 4423 64",0.995072306991959,8,6.805161901368927,3.8289628877630983e-3
"5","bench/./skelrm-parr-par 4423 64",0.6368722778895445,16,10.632631357559886,9.009137722119713e-3
"6","bench/./skelrm-parr-par 4423 64",0.5408177072090791,32,12.521091788200392,8.283449698076636e-3
