"","name","time","nCores","speedup"
"2","bench/./skelrm-parr-eden-cp 9941 32",14.203583012542143,2,1.965837566413586
"3","bench/./skelrm-parr-eden-cp 9941 32",7.433188024954616,4,3.7563878338594403
"4","bench/./skelrm-parr-eden-cp 9941 32",3.858465953680439,8,7.236538406434703
"5","bench/./skelrm-parr-eden-cp 9941 32",2.213617544993735,16,12.613713297889596
"6","bench/./skelrm-parr-eden-cp 9941 32",1.7664046525890094,32,15.8072144017534
