"","name","time","nCores","speedup","stddev"
"2","bench/./skelrm-parr-par 11213 32",19.35584576796992,2,1.9474482326065765,6.541969974491509e-3
"3","bench/./skelrm-parr-par 11213 32",10.168913578683336,4,3.7068372486177785,2.2997698395453438e-2
"4","bench/./skelrm-parr-par 11213 32",5.283345473792022,8,7.134590728246279,4.395836892613932e-3
"5","bench/./skelrm-parr-par 11213 32",2.953749899096819,16,12.761577289588573,7.887729523185803e-2
