"","name","time","nCores","speedup"
"2","bench/./skelrm-parr-mult 4423 64",6.755255650612739,2,1.0024236687526016
"3","bench/./skelrm-parr-mult 4423 64",5.5691166604931635,4,1.215924995912963
"4","bench/./skelrm-parr-mult 4423 64",2.7459457394095366,8,2.4660458709956425
"5","bench/./skelrm-parr-mult 4423 64",1.4058113151080271,16,4.816882664035615
"6","bench/./skelrm-parr-mult 4423 64",0.5882392057445802,32,11.511691309452226
