"","name","time","nCores","speedup","stddev"
"2","bench/./skelrm-parr-eden-cp 11213 32",19.173673498306044,2,1.965951263057063,1.6863843916347623e-2
"3","bench/./skelrm-parr-eden-cp 11213 32",10.010515862730674,4,3.765491024471158,3.7591968794938933e-3
"4","bench/./skelrm-parr-eden-cp 11213 32",5.196699012657039,8,7.253548365920378,3.1429548309701835e-2
"5","bench/./skelrm-parr-eden-cp 11213 32",2.842240838920109,16,13.262249671199676,5.3793487266343754e-2
