"","name","time","nCores","speedup","stddev"
"2","bench/./skelrm-eden-cp 11213 64",38.18841535520216,2,1.9765114537813921,2.812904983584684e-2
"3","bench/./skelrm-eden-cp 11213 64",19.918225070821673,4,3.7894862661176134,5.0600648139964175e-3
"4","bench/./skelrm-eden-cp 11213 64",10.329569273263976,8,7.307162414475764,1.713453264900074e-2
"5","bench/./skelrm-eden-cp 11213 64",5.458899219880434,16,13.82693420615512,8.285804888271962e-2
"6","bench/./skelrm-eden-cp 11213 64",4.637709921792909,32,16.27523963856244,4.2184833932218495e-3
