"","name","time","nCores","speedup","stddev"
"2","bench/./skelrm-parr-eden-cp 11213 64",38.368488510311515,2,1.9657776666047417,1.609078624767623e-2
"3","bench/./skelrm-parr-eden-cp 11213 64",19.970842943285106,4,3.776701766127061,3.8661775674440364e-3
"4","bench/./skelrm-parr-eden-cp 11213 64",10.328909445726241,8,7.302215031632301,1.194975145939944e-2
"5","bench/./skelrm-parr-eden-cp 11213 64",5.508958057258724,16,13.691140326539754,0.1060196023842691
