"","name","time","nCores","speedup","stddev"
"2","bench/./skelrm-parr-par 11213 64",38.67941634032713,2,1.949975592995546,1.360114193527545e-2
"3","bench/./skelrm-parr-par 11213 64",20.315051973762646,4,3.7127110436322153,6.309519134219096e-2
"4","bench/./skelrm-parr-par 11213 64",10.550262476903729,8,7.14900866021736,2.1684177731020098e-2
"5","bench/./skelrm-parr-par 11213 64",5.595614134920172,16,13.479113462141367,5.274381359295523e-3
