"","name","time","nCores","speedup"
"1","bench/./skelrm-parr-mult 11213 32",37.82888522949508,1,1.0
"2","bench/./skelrm-parr-mult 11213 32",19.815909661136995,2,1.9090158300269793
"3","bench/./skelrm-parr-mult 11213 32",10.23999006366111,4,3.694230657873323
"4","bench/./skelrm-parr-mult 11213 32",5.500154982187972,8,6.877785326413962
"5","bench/./skelrm-parr-mult 11213 32",3.2202062251583228,16,11.747348643062512
"6","bench/./skelrm-parr-mult 11213 32",2.4927128301707073,32,15.175789513990852
