"","name","time","nCores","speedup","stddev"
"2","bench/./skelrm-parr-par 9941 32",14.312760476633963,2,1.9508421949289692,5.97935990224694e-3
"3","bench/./skelrm-parr-par 9941 32",7.526553814809118,4,3.709790396873331,8.353240269398736e-3
"4","bench/./skelrm-parr-par 9941 32",3.9250304735412,8,7.113814084235061,9.416896813945929e-3
"5","bench/./skelrm-parr-par 9941 32",2.1922264227910815,16,12.73679432628121,4.246830898666879e-2
"6","bench/./skelrm-parr-par 9941 32",1.888057035093534,32,14.788714824150402,3.1434712196499306e-2
