"","name","time","nCores","speedup"
"2","bench/./skelrm-parr-par 9941 32",14.312760476633963,2,1.9508421949289692
"3","bench/./skelrm-parr-par 9941 32",7.526553814809118,4,3.709790396873331
"4","bench/./skelrm-parr-par 9941 32",3.9250304735412,8,7.113814084235061
"5","bench/./skelrm-parr-par 9941 32",2.1922264227910815,16,12.73679432628121
"6","bench/./skelrm-parr-par 9941 32",1.888057035093534,32,14.788714824150402
