"","name","time","nCores","speedup"
"1","bench/./skelrm-parr-par 9941 32",28.39030329167365,1,1.0
"2","bench/./skelrm-parr-par 9941 32",14.312760476633963,2,1.983565877317777
"3","bench/./skelrm-parr-par 9941 32",7.526553814809118,4,3.7720189066891914
"4","bench/./skelrm-parr-par 9941 32",3.9250304735412,8,7.233142133049389
"5","bench/./skelrm-parr-par 9941 32",2.1922264227910815,16,12.95044298185582
"6","bench/./skelrm-parr-par 9941 32",1.888057035093534,32,15.036782662800862
