"","name","time","nCores","speedup"
"2","bench/./skelrm-parr-mult 11213 64",41.31543227013018,2,1.8218380541453143
"3","bench/./skelrm-parr-mult 11213 64",20.35730895570347,4,3.6974448291260145
"4","bench/./skelrm-parr-mult 11213 64",10.749519525977027,8,7.002175915983108
"5","bench/./skelrm-parr-mult 11213 64",5.926862238135238,16,12.69981040707783
"6","bench/./skelrm-parr-mult 11213 64",5.556909323721278,32,13.545304115702333
