"","name","time","nCores","speedup","stddev"
"2","bench/./skelrm-mult 11213 64",38.66655702078346,2,1.950624095504813,2.3592256518120084e-2
"3","bench/./skelrm-mult 11213 64",20.26406687887844,4,3.722052353348999,1.4462575839398525e-2
"4","bench/./skelrm-mult 11213 64",10.562915717113382,8,7.14044491453755,2.9640141619591862e-2
"5","bench/./skelrm-mult 11213 64",5.687876554067796,16,13.260470247197985,7.574642022807072e-2
