"","name","time","nCores","speedup","stddev"
"2","bench/./skelrm-parr-mult 11213 64",38.70899615712715,2,1.9484855021502245,3.344836082497214e-2
"3","bench/./skelrm-parr-mult 11213 64",20.391006096438435,4,3.698881627431067,1.205863877146976e-2
"4","bench/./skelrm-parr-mult 11213 64",10.750287765705783,8,7.015990591020169,2.459711298087946e-3
"5","bench/./skelrm-parr-mult 11213 64",5.910559392499459,16,12.760876391947688,2.4582450559517507e-2
