"","name","time","nCores","speedup","stddev"
"1","bench/./skelrm-parr-par 11213 32",NaN,1,1,NaN
"2","bench/./skelrm-parr-par 11213 32",19.31862754816826,2,1.948309623643693,1.4616302609213861e-2
"3","bench/./skelrm-parr-par 11213 32",10.159656933004186,4,3.7047183990448693,1.1137047697549687e-2
"4","bench/./skelrm-parr-par 11213 32",5.305269885560943,8,7.094581195600141,1.0398916268548617e-2
"5","bench/./skelrm-parr-par 11213 32",2.882934131666119,16,13.055680861474299,5.2530744248957054e-2
