"","name","time","nCores","speedup"
"2","bench/./skelrm-parr-mult 9941 32",14.543101892892537,2,1.919943714165623
"3","bench/./skelrm-parr-mult 9941 32",7.586487938879546,4,3.6804826276245306
"4","bench/./skelrm-parr-mult 9941 32",4.068366825780968,8,6.86318079451188
"5","bench/./skelrm-parr-mult 9941 32",2.3863575572385805,16,11.70065105249341
"6","bench/./skelrm-parr-mult 9941 32",1.8689923519870422,32,14.939567320349733
