"","name","time","nCores","speedup"
"2","bench/./skelrm-parr-mult 4423 32",3.37234250370738,2,1.0055324356967776
"3","bench/./skelrm-parr-mult 4423 32",2.4635819854596,4,1.3764509530313171
"4","bench/./skelrm-parr-mult 4423 32",1.2670155926857005,8,2.6763678295140223
"5","bench/./skelrm-parr-mult 4423 32",0.5747850018148385,16,5.899596824986448
"6","bench/./skelrm-parr-mult 4423 32",0.3010778749135853,32,11.262866036668846
