"","name","time","nCores","speedup","stddev"
"2","bench/./skelrm-parr-eden-cp 11213 64",38.26483564091043,2,1.967080884380237,4.2986013052547366e-2
"3","bench/./skelrm-parr-eden-cp 11213 64",19.97583768429662,4,3.7680535816707037,1.083484519343519e-2
"4","bench/./skelrm-parr-eden-cp 11213 64",10.326385672870092,8,7.289096990725325,6.82807808171085e-3
"5","bench/./skelrm-parr-eden-cp 11213 64",5.514088793929114,16,13.650492319974441,5.436020037320903e-2
"6","bench/./skelrm-parr-eden-cp 11213 64",4.669924239230655,32,16.118040224478424,7.441169689414621e-3
