"","name","time","nCores","speedup"
"1","bench/./skelrm-parr-eden-cp 4423 64",6.835332144914903,1,1.0
"2","bench/./skelrm-parr-eden-cp 4423 64",3.461592799996323,2,1.9746205113790867
"3","bench/./skelrm-parr-eden-cp 4423 64",1.8386038877827127,4,3.717675237355262
"4","bench/./skelrm-parr-eden-cp 4423 64",0.9662466937824796,8,7.074106632289979
"5","bench/./skelrm-parr-eden-cp 4423 64",0.7222600539588421,16,9.46381030966502
"6","bench/./skelrm-parr-eden-cp 4423 64",0.47915571503886417,32,14.26536704119347
