"","name","time","nCores","speedup","stddev"
"2","bench/./skelrm-eden-cp 11213 32",19.106897379942172,2,1.97404493810018,2.7411698264342373e-2
"3","bench/./skelrm-eden-cp 11213 32",9.96288215580907,4,3.7858396261048046,1.018105027869828e-2
"4","bench/./skelrm-eden-cp 11213 32",5.18578428314371,8,7.2733210631756595,4.4244326852269866e-2
"5","bench/./skelrm-eden-cp 11213 32",2.90604244074053,16,12.979120169374749,7.089951452843575e-2
"6","bench/./skelrm-eden-cp 11213 32",2.33554151773032,32,16.14951983055676,1.1105995499076371e-2
