"","name","time","nCores","speedup","stddev"
"2","bench/./skelrm-parr-mult 11213 64",41.31543227013018,2,1.8218380541453143,5.577336842697329
"3","bench/./skelrm-parr-mult 11213 64",20.35730895570347,4,3.6974448291260145,1.2219683291012392e-2
"4","bench/./skelrm-parr-mult 11213 64",10.749519525977027,8,7.002175915983108,3.276400481739697e-2
"5","bench/./skelrm-parr-mult 11213 64",5.926862238135238,16,12.69981040707783,3.9056926216979815e-2
"6","bench/./skelrm-parr-mult 11213 64",5.556909323721278,32,13.545304115702333,3.172599706835782e-2
