"","name","time","nCores","speedup","stddev"
"2","bench/./skelrm-parr-eden-cp 11213 32",19.21176498729729,2,1.9632695944705383,1.5777480101515022e-2
"3","bench/./skelrm-parr-eden-cp 11213 32",10.023656610863007,4,3.762885693310581,8.725309621207156e-3
"4","bench/./skelrm-parr-eden-cp 11213 32",5.184755264106656,8,7.274764600132636,1.2370120028300045e-2
"5","bench/./skelrm-parr-eden-cp 11213 32",2.8331653710122886,16,13.312980047542322,1.227719370070802e-2
"6","bench/./skelrm-parr-eden-cp 11213 32",2.3485658330717993,32,16.059960306218652,1.6180768204134773e-2
