"","name","time","nCores","speedup","stddev"
"1","bench/./skelrm-parr-eden-cp 11213 32",NaN,1,1,NaN
"2","bench/./skelrm-parr-eden-cp 11213 32",19.130447492423375,2,1.96747451843932,1.2446200911457077e-2
"3","bench/./skelrm-parr-eden-cp 11213 32",10.006692393657637,4,3.761349553578785,4.365052230381865e-3
"4","bench/./skelrm-parr-eden-cp 11213 32",5.183175764537814,8,7.261700100004352,9.933872361675988e-3
"5","bench/./skelrm-parr-eden-cp 11213 32",2.8832069383206953,16,13.054445543755097,6.218518128300343e-2
