"","name","time","nCores","speedup","stddev"
"2","bench/./skelrm-mult 11213 32",19.331270219516455,2,1.9499239937882045,1.112175827596285e-2
"3","bench/./skelrm-mult 11213 32",10.143813030449085,4,3.716009701508635,1.6205231194320047e-2
"4","bench/./skelrm-mult 11213 32",5.2825674128681746,8,7.135641570728624,2.945140379326404e-3
"5","bench/./skelrm-mult 11213 32",2.9705569351572447,16,12.68937389663032,0.22301263698737295
