"","name","time","nCores","speedup","stddev"
"2","bench/./skelrm-parr-par 11213 64",38.6741384614962,2,1.9516877002047675,5.105403670427987e-3
"3","bench/./skelrm-parr-par 11213 64",20.29513550978975,4,3.7191099470564812,8.738358509831212e-3
"4","bench/./skelrm-parr-par 11213 64",10.553410769282875,8,7.1521749699170725,2.6162032886140763e-2
"5","bench/./skelrm-parr-par 11213 64",5.455496834433673,16,13.83555753802462,6.719915330150937e-2
"6","bench/./skelrm-parr-par 11213 64",4.902998233574064,32,15.394629317721957,4.0267010151771844e-2
