"","name","time","nCores","speedup","stddev"
"2","bench/./skelrm-parr-eden-cp 9941 64",28.365343027602364,2,1.9685725071909768,1.257199996370234e-2
"3","bench/./skelrm-parr-eden-cp 9941 64",14.825121171259429,4,3.7665280301001145,8.7067005925818e-3
"4","bench/./skelrm-parr-eden-cp 9941 64",7.676097789721611,8,7.274429791130162,7.176164008876672e-3
"5","bench/./skelrm-parr-eden-cp 9941 64",4.16113419614261,16,13.419234230163136,3.811998913657405e-2
"6","bench/./skelrm-parr-eden-cp 9941 64",3.5039460521834527,32,15.936099931214283,3.8564838455558706e-2
