"","name","time","nCores","speedup"
"2","bench/./skelrm-parr-eden-cp 9941 64",28.365343027602364,2,1.9685725071909768
"3","bench/./skelrm-parr-eden-cp 9941 64",14.825121171259429,4,3.7665280301001145
"4","bench/./skelrm-parr-eden-cp 9941 64",7.676097789721611,8,7.274429791130162
"5","bench/./skelrm-parr-eden-cp 9941 64",4.16113419614261,16,13.419234230163136
"6","bench/./skelrm-parr-eden-cp 9941 64",3.5039460521834527,32,15.936099931214283
