"","name","time","nCores","speedup"
"2","bench/./skelrm-parr-par 9941 64",28.61672278737319,2,1.9512798462658945
"3","bench/./skelrm-parr-par 9941 64",15.022567633040529,4,3.7170233348370396
"4","bench/./skelrm-parr-par 9941 64",7.8263405986657215,8,7.134782052636332
"5","bench/./skelrm-parr-par 9941 64",4.21432237839336,16,13.249872560168749
"6","bench/./skelrm-parr-par 9941 64",3.6746815620155595,32,15.195666209115412
