"","name","time","nCores","speedup"
"1","bench/./skelrm-parr-par 9941 64",56.699036861491024,1,1.0
"2","bench/./skelrm-parr-par 9941 64",28.61672278737319,2,1.981325299992382
"3","bench/./skelrm-parr-par 9941 64",15.022567633040529,4,3.7742573870519687
"4","bench/./skelrm-parr-par 9941 64",7.8263405986657215,8,7.244642134685193
"5","bench/./skelrm-parr-par 9941 64",4.21432237839336,16,13.453891698505178
"6","bench/./skelrm-parr-par 9941 64",3.6746815620155595,32,15.429646325705473
