"","name","time","nCores","speedup","stddev"
"2","bench/./skelrm-par 11213 32",19.33075907812602,2,1.9499755534221224,2.887335241166249e-4
"3","bench/./skelrm-par 11213 32",10.16666288318571,4,3.7076578681270274,1.3775346052437448e-2
"4","bench/./skelrm-par 11213 32",5.841643733869028,8,6.452722786377926,0.9838505435373271
"5","bench/./skelrm-par 11213 32",2.9381800941361638,16,12.829202575657922,0.15029939404345763
