"","name","time","nCores","speedup","stddev"
"2","bench/./skelrm-parr-mult 11213 64",38.712332247392105,2,1.949762155092142,1.8659748213929732e-2
"3","bench/./skelrm-parr-mult 11213 64",20.345087466500633,4,3.7099786607258483,1.6201936760490573e-2
"4","bench/./skelrm-parr-mult 11213 64",10.770557947816878,8,7.007978668980425,4.0512181771386435e-2
"5","bench/./skelrm-parr-mult 11213 64",6.105072966929871,16,12.363462445114015,0.1834948398254979
"6","bench/./skelrm-parr-mult 11213 64",5.454562220668559,32,13.837928196200279,9.435113660779074e-3
