"","name","time","nCores","speedup","stddev"
"2","bench/./skelrm-par 11213 64",38.641000895726215,2,1.9519141861383067,4.192455117117383e-3
"3","bench/./skelrm-par 11213 64",20.246230512822702,4,3.725331377965997,2.7260482006130463e-2
"4","bench/./skelrm-par 11213 64",11.379987394609417,8,6.627768133616611,1.4691297224736641
"5","bench/./skelrm-par 11213 64",6.065910634032586,16,12.434063468028638,0.9239802887252248
