"","name","time","nCores","speedup","stddev"
"2","bench/./skelrm-parr-eden-cp 4423 64",3.461592799996323,2,1.9562174247231383,4.412229384022682e-3
"3","bench/./skelrm-parr-eden-cp 4423 64",1.8386038877827127,4,3.683027213009592,7.228958620545729e-3
"4","bench/./skelrm-parr-eden-cp 4423 64",0.9662466937824796,8,7.00817730732995,4.426710892757676e-3
"5","bench/./skelrm-parr-eden-cp 4423 64",0.7222600539588421,16,9.375609402087804,1.5916190890733112e-2
"6","bench/./skelrm-parr-eden-cp 4423 64",0.47915571503886417,32,14.132416540413631,3.7942974551406694e-3
