"","name","time","nCores","speedup","stddev"
"2","bench/./skelrm-parr-mult 11213 32",19.385729668420254,2,1.9444461609739467,2.0278329686933546e-2
"3","bench/./skelrm-parr-mult 11213 32",10.237895301922359,4,3.681861019262489,3.8714500917500734e-2
"4","bench/./skelrm-parr-mult 11213 32",5.543617543212274,8,6.799622689987422,3.985948437834225e-2
"5","bench/./skelrm-parr-mult 11213 32",3.2302355328227406,16,11.669275273713298,7.5091312247113e-2
