"","name","time","nCores","speedup"
"2","bench/./skelrm-parr-eden-cp 11213 64",38.26483564091043,2,1.967080884380237
"3","bench/./skelrm-parr-eden-cp 11213 64",19.97583768429662,4,3.7680535816707037
"4","bench/./skelrm-parr-eden-cp 11213 64",10.326385672870092,8,7.289096990725325
"5","bench/./skelrm-parr-eden-cp 11213 64",5.514088793929114,16,13.650492319974441
"6","bench/./skelrm-parr-eden-cp 11213 64",4.669924239230655,32,16.118040224478424
