"","name","time","nCores","speedup","stddev"
"2","bench/./skelrm-eden-cp 11213 32",19.084914745831686,2,1.9750943681669482,1.8744278260221795e-2
"3","bench/./skelrm-eden-cp 11213 32",9.957158330068852,4,3.78566920218671,1.3150167697781616e-2
"4","bench/./skelrm-eden-cp 11213 32",5.1620478680423885,8,7.302239071590294,4.326855826737842e-3
"5","bench/./skelrm-eden-cp 11213 32",2.7995460966461554,16,13.464506862950522,0.1465317786293577
