"","name","time","nCores","speedup","stddev"
"2","bench/./skelrm-mult 11213 32",19.34477971416374,2,1.9497701505516964,1.1630842406309554e-2
"3","bench/./skelrm-mult 11213 32",10.1457983488713,4,3.717585621033999,1.3687575777985501e-2
"4","bench/./skelrm-mult 11213 32",5.309641549620295,8,7.103657319084323,2.9722349522622902e-2
"5","bench/./skelrm-mult 11213 32",3.030128046195472,16,12.447617222985592,0.10304005465683112
"6","bench/./skelrm-mult 11213 32",2.4945949560734277,32,15.119838979809202,6.625269293046255e-3
