"","name","time","nCores","speedup"
"1","bench/./skelrm-parr-par 4423 32",3.433022924828571,1,1.0
"2","bench/./skelrm-parr-par 4423 32",1.7519629182725207,2,1.959529444957441
"3","bench/./skelrm-parr-par 4423 32",0.94588792410856,4,3.6294182823657244
"4","bench/./skelrm-parr-par 4423 32",0.5149477863289434,8,6.666739844252074
"5","bench/./skelrm-parr-par 4423 32",0.3770628413556811,16,9.104643969916467
"6","bench/./skelrm-parr-par 4423 32",0.3110945739655086,32,11.035303126852973
