"","name","time","nCores","speedup"
"2","bench/./skelrm-parr-par 4423 32",1.7519629182725207,2,1.9355431193145696
"3","bench/./skelrm-parr-par 4423 32",0.94588792410856,4,3.5849910812134063
"4","bench/./skelrm-parr-par 4423 32",0.5149477863289434,8,6.585133215021755
"5","bench/./skelrm-parr-par 4423 32",0.3770628413556811,16,8.993195297539122
"6","bench/./skelrm-parr-par 4423 32",0.3110945739655086,32,10.90022152598719
