"","name","time","nCores","speedup","stddev"
"2","bench/./skelrm-parr-mult 11213 32",19.36933974626571,2,1.9472978712630724,3.2779218453974916e-3
"3","bench/./skelrm-parr-mult 11213 32",10.247354825594291,4,3.680742464530304,3.0064689592480702e-2
"4","bench/./skelrm-parr-mult 11213 32",5.475056126866836,8,6.889038793700719,3.0821665985213645e-2
"5","bench/./skelrm-parr-mult 11213 32",3.221508856912386,16,11.708139176691462,4.2164368688895476e-2
