"","name","time","nCores","speedup"
"2","bench/./skelrm-parr-par 11213 32",19.31862754816826,2,1.948309623643693
"3","bench/./skelrm-parr-par 11213 32",10.159656933004186,4,3.7047183990448693
"4","bench/./skelrm-parr-par 11213 32",5.305269885560943,8,7.094581195600141
"5","bench/./skelrm-parr-par 11213 32",2.882934131666119,16,13.055680861474299
"6","bench/./skelrm-parr-par 11213 32",2.524544472729275,32,14.909092857846693
