"","name","time","nCores","speedup"
"2","bench/./skelrm-parr-eden-cp 11213 32",19.130447492423375,2,1.96747451843932
"3","bench/./skelrm-parr-eden-cp 11213 32",10.006692393657637,4,3.761349553578785
"4","bench/./skelrm-parr-eden-cp 11213 32",5.183175764537814,8,7.261700100004352
"5","bench/./skelrm-parr-eden-cp 11213 32",2.8832069383206953,16,13.054445543755097
"6","bench/./skelrm-parr-eden-cp 11213 32",2.353440849636401,32,15.993037587283924
