"","name","time","nCores","speedup"
"1","bench/./skelrm-parr-par 4423 64",6.854273500277172,1,1.0
"2","bench/./skelrm-parr-par 4423 64",3.4888094902979194,2,1.9646453953241987
"3","bench/./skelrm-parr-par 4423 64",1.8722154516481369,4,3.661049530513842
"4","bench/./skelrm-parr-par 4423 64",0.995072306991959,8,6.888216516644111
"5","bench/./skelrm-parr-par 4423 64",0.6368722778895445,16,10.76239889572637
"6","bench/./skelrm-parr-par 4423 64",0.5408177072090791,32,12.673907323872669
