"","name","time","nCores","speedup","stddev"
"2","bench/./skelrm-parr-par 9941 64",28.61672278737319,2,1.9512798462658945,1.4825728464521683e-2
"3","bench/./skelrm-parr-par 9941 64",15.022567633040529,4,3.7170233348370396,1.8906876584359626e-2
"4","bench/./skelrm-parr-par 9941 64",7.8263405986657215,8,7.134782052636332,1.789525575026122e-2
"5","bench/./skelrm-parr-par 9941 64",4.21432237839336,16,13.249872560168749,5.120179456249632e-2
"6","bench/./skelrm-parr-par 9941 64",3.6746815620155595,32,15.195666209115412,3.325369541491886e-2
