"","name","time","nCores","speedup","stddev"
"2","bench/./skelrm-parr-par 4423 32",1.7519629182725207,2,1.9355431193145696,4.221936170387905e-3
"3","bench/./skelrm-parr-par 4423 32",0.94588792410856,4,3.5849910812134063,3.8706188347847554e-3
"4","bench/./skelrm-parr-par 4423 32",0.5149477863289434,8,6.585133215021755,3.84542571783564e-3
"5","bench/./skelrm-parr-par 4423 32",0.3770628413556811,16,8.993195297539122,1.0282264437758471e-2
"6","bench/./skelrm-parr-par 4423 32",0.3110945739655086,32,10.90022152598719,7.781538314291149e-3
