"","name","time","nCores","speedup"
"1","bench/./skelrm-parr-par 11213 64",76.37528733462212,1,1.0
"2","bench/./skelrm-parr-par 11213 64",38.598177540002425,2,1.9787278105415262
"3","bench/./skelrm-parr-par 11213 64",20.302406514611558,4,3.7618834634039633
"4","bench/./skelrm-parr-par 11213 64",10.557051885841352,8,7.234527987595974
"5","bench/./skelrm-parr-par 11213 64",5.643866663807474,16,13.532440060002711
"6","bench/./skelrm-parr-par 11213 64",4.966446758037084,32,15.37825553269564
