"","name","time","nCores","speedup","stddev"
"2","bench/./skelrm-mult 11213 64",38.64375623237749,2,1.9532221427294334,2.420446618571527e-2
"3","bench/./skelrm-mult 11213 64",20.254952426014608,4,3.726488157749269,3.006893159512513e-2
"4","bench/./skelrm-mult 11213 64",10.565894830400676,8,7.1437243662642,3.985353143455695e-2
"5","bench/./skelrm-mult 11213 64",5.666177206929291,16,13.32112244195475,6.118908399362706e-2
"6","bench/./skelrm-mult 11213 64",4.88699338010609,32,15.445046571697974,3.135845154979635e-2
