"","name","time","nCores","speedup"
"1","bench/./skelrm-parr-mult 11213 64",75.56726275392822,1,1.0
"2","bench/./skelrm-parr-mult 11213 64",41.31543227013018,2,1.8290323639808819
"3","bench/./skelrm-parr-mult 11213 64",20.35730895570347,4,3.712045777679111
"4","bench/./skelrm-parr-mult 11213 64",10.749519525977027,8,7.029827014250657
"5","bench/./skelrm-parr-mult 11213 64",5.926862238135238,16,12.749961061639905
"6","bench/./skelrm-parr-mult 11213 64",5.556909323721278,32,13.59879356521933
