"","name","time","nCores","speedup","stddev"
"2","bench/./skelrm-parr-par 11213 32",19.338320636343557,2,1.95042138171963,9.199748932409763e-3
"3","bench/./skelrm-parr-par 11213 32",10.15651943218784,4,3.713661388382687,9.01217046293636e-3
"4","bench/./skelrm-parr-par 11213 32",5.292830295186008,8,7.1262201793962685,1.3981281422729952e-2
"5","bench/./skelrm-parr-par 11213 32",2.8408594536573673,16,13.276923646157803,6.821039559828411e-2
"6","bench/./skelrm-parr-par 11213 32",2.5216452136303964,32,14.957645053235803,1.5676911083719176e-2
