"","name","time","nCores","speedup"
"2","bench/./skelrm-parr-mult 9941 64",31.25457200678859,2,1.786594115864099
"3","bench/./skelrm-parr-mult 9941 64",15.074673456473363,4,3.7041753907578547
"4","bench/./skelrm-parr-mult 9941 64",7.955765026334803,8,7.018713380340275
"5","bench/./skelrm-parr-mult 9941 64",4.361810673658494,16,12.801847356282385
"6","bench/./skelrm-parr-mult 9941 64",4.080962117375583,32,13.682860275382517
