"","name","time","nCores","speedup","stddev"
"2","bench/./skelrm-parr-mult 9941 32",14.543101892892537,2,1.919943714165623,0.39766418422864913
"3","bench/./skelrm-parr-mult 9941 32",7.586487938879546,4,3.6804826276245306,1.2828852173931348e-2
"4","bench/./skelrm-parr-mult 9941 32",4.068366825780968,8,6.86318079451188,1.673194623981203e-2
"5","bench/./skelrm-parr-mult 9941 32",2.3863575572385805,16,11.70065105249341,3.909623042624616e-2
"6","bench/./skelrm-parr-mult 9941 32",1.8689923519870422,32,14.939567320349733,9.303594674269212e-3
