"","name","time","nCores","speedup"
"2","bench/./skelrm-parr-par 11213 64",38.598177540002425,2,1.950092764229038
"3","bench/./skelrm-parr-par 11213 64",20.302406514611558,4,3.7074435820706757
"4","bench/./skelrm-parr-par 11213 64",10.557051885841352,8,7.129833929691613
"5","bench/./skelrm-parr-par 11213 64",5.643866663807474,16,13.336606127829342
"6","bench/./skelrm-parr-par 11213 64",4.966446758037084,32,15.155709987503396
