"","name","time","nCores","speedup"
"1","bench/./skelrm-parr-eden-cp 4423 32",3.4218353923068126,1,1.0
"2","bench/./skelrm-parr-eden-cp 4423 32",1.7475576182097883,2,1.9580672801004224
"3","bench/./skelrm-parr-eden-cp 4423 32",0.9356206113076306,4,3.657289451463055
"4","bench/./skelrm-parr-eden-cp 4423 32",0.5021474817434076,8,6.814403171806279
"5","bench/./skelrm-parr-eden-cp 4423 32",0.3830437874943299,16,8.933274743053927
"6","bench/./skelrm-parr-eden-cp 4423 32",0.26146208232261686,32,13.087310258948468
