"","name","time","nCores","speedup"
"2","bench/./skelrm-parr-mult 11213 32",19.815909661136995,2,1.8994166107600607
"3","bench/./skelrm-parr-mult 11213 32",10.23999006366111,4,3.6756547353745574
"4","bench/./skelrm-parr-mult 11213 32",5.500154982187972,8,6.843201344248603
"5","bench/./skelrm-parr-mult 11213 32",3.2202062251583228,16,11.688278742406895
"6","bench/./skelrm-parr-mult 11213 32",2.4927128301707073,32,15.09948017762912
