"","name","time","nCores","speedup"
"2","bench/./skelrm-parr-eden-cp 4423 32",1.7475576182097883,2,1.9404222993405034
"3","bench/./skelrm-parr-eden-cp 4423 32",0.9356206113076306,4,3.6243320537983483
"4","bench/./skelrm-parr-eden-cp 4423 32",0.5021474817434076,8,6.752995673668275
"5","bench/./skelrm-parr-eden-cp 4423 32",0.3830437874943299,16,8.852773187991849
"6","bench/./skelrm-parr-eden-cp 4423 32",0.26146208232261686,32,12.969374915221978
