"benchmark","vs","params","displayName","","worstName","worstTime","worstNCores","worstSpeedup","worstMaxstddev","worstFactor","worstFactorStdDev","worstOverhead","worstStdDevForOverhead","worstRuntimeX","worstRuntimeY","","bestName","bestTime","bestNCores","bestSpeedup","bestMaxstddev","bestFactor","bestFactorStdDev","bestOverhead","bestStdDevForOverhead","bestRuntimeX","bestRuntimeY","meanFactor","maxStdDevFactor","meanOverhead","maxStdDevForOverhead","runtimeMaxCores"
"Rabin-Miller (Shared-Memory)","Eden CP","11213 32","Eden CP vs. PArrows 11213 32","5","bench/./skelrm-eden-cp 11213 32-bench/./skelrm-parr-eden-cp 11213 32",-4.269474227395342e-2,16,0.20225719175084578,0.1465317786293577,1.015,5.234126303721241e-2,1.5e-2,5.155501835834275e-2,2.7995460966461554,2.842240838920109,"2","bench/./skelrm-eden-cp 11213 32-bench/./skelrm-parr-eden-cp 11213 32",-8.875875247435872e-2,2,9.143105109885141e-3,1.8744278260221795e-2,1.005,9.821515322365121e-4,5.0e-3,9.776049572283482e-4,19.084914745831686,19.173673498306044,1.008,0.052,"\textit{0.008}",0.052,5.162
"Rabin-Miller (Shared-Memory)","GpH","11213 32","GpH vs. PArrows 11213 32","5","bench/./skelrm-mult 11213 32-bench/./skelrm-parr-mult 11213 32",-0.25967859766549584,16,1.020098622917022,0.22301263698737295,1.087,7.507435200045001e-2,8.0e-2,6.903912569882896e-2,2.9705569351572447,3.2302355328227406,"2","bench/./skelrm-mult 11213 32-bench/./skelrm-parr-mult 11213 32",-5.445944890379906e-2,2,5.4778328142575106e-3,2.0278329686933546e-2,1.003,1.0489910624942255e-3,3.0e-3,1.046044179599149e-3,19.331270219516455,19.385729668420254,1.037,0.075,"\textit{0.035}",0.069,5.283
"Rabin-Miller (Shared-Memory)","Par Monad ","11213 32","Par Monad vs. PArrows 11213 32","5","bench/./skelrm-par 11213 32-bench/./skelrm-parr-par 11213 32",-1.5569804960655187e-2,16,6.762528606934914e-2,0.15029939404345763,1.005,5.115390793893668e-2,5.0e-3,5.088426548551566e-2,2.9381800941361638,2.953749899096819,"4","bench/./skelrm-par 11213 32-bench/./skelrm-parr-par 11213 32",0.5582982600770059,8,-0.6818679418683526,0.9838505435373271,0.904,0.16842015507263824,-0.106,0.18621734058802458,5.841643733869028,5.283345473792022,0.978,0.168,"\textbf{-0.025}",0.186,5.842
