"benchmark","vs","params","displayName","","worstName","worstTime","worstNCores","worstSpeedup","worstMaxstddev","worstFactor","worstFactorStdDev","worstOverhead","worstStdDevForOverhead","worstRuntimeX","worstRuntimeY","","bestName","bestTime","bestNCores","bestSpeedup","bestMaxstddev","bestFactor","bestFactorStdDev","bestOverhead","bestStdDevForOverhead","bestRuntimeX","bestRuntimeY","meanFactor","maxStdDevFactor","meanOverhead","maxStdDevForOverhead","runtimeMaxCores"
"Rabin-Miller (Shared-Memory)","Eden CP","11213 32","Eden CP vs. PArrows 11213 32","3","bench/./skelrm-eden-cp 11213 32-bench/./skelrm-parr-eden-cp 11213 32",-6.077445505393797e-2,4,2.295393279422342e-2,1.018105027869828e-2,1.0061,1.0218980932904043e-3,6.06e-3,1.0157022206511643e-3,9.96288215580907,10.023656610863007,"5","bench/./skelrm-eden-cp 11213 32-bench/./skelrm-parr-eden-cp 11213 32",7.287706972824148e-2,16,-0.3338598781675728,7.089951452843575e-2,0.97492,2.4397274291138308e-2,-2.572e-2,2.5024841561967628e-2,2.90604244074053,2.8331653710122886,0.99658,0.0244,"\textbf{-0.0036}",0.02502,5.18578
"Rabin-Miller (Shared-Memory)","GpH","11213 32","GpH vs. PArrows 11213 32","5","bench/./skelrm-mult 11213 32-bench/./skelrm-parr-mult 11213 32",-0.19138081071691415,16,0.7394780462941295,0.10304005465683112,1.06316,3.4005181657654635e-2,5.941e-2,3.1985029138050715e-2,3.030128046195472,3.221508856912386,"2","bench/./skelrm-mult 11213 32-bench/./skelrm-parr-mult 11213 32",-2.456003210197011e-2,2,2.4722792886240352e-3,1.1630842406309554e-2,1.00127,6.012393306186763e-4,1.27e-3,6.004769681708903e-4,19.34477971416374,19.36933974626571,1.0264,0.03401,"\textit{0.0252}",0.03199,5.30964
"Rabin-Miller (Shared-Memory)","Par Monad ","11213 32","Par Monad vs. PArrows 11213 32","3","bench/./skelrm-par 11213 32-bench/./skelrm-parr-par 11213 32",-1.2123917539915041e-2,4,4.438325021821843e-3,1.922658457428221e-2,1.0012,1.8952913011445703e-3,1.19e-3,1.8930288769349172e-3,10.144395514647925,10.15651943218784,"5","bench/./skelrm-par 11213 32-bench/./skelrm-parr-par 11213 32",4.316497718294432e-2,16,-0.19871471965274345,6.821039559828411e-2,0.98503,2.36511157356631e-2,-1.519e-2,2.40104787691869e-2,2.8840244308403116,2.8408594536573673,0.99601,0.02365,"\textbf{-0.00405}",0.02401,5.29689
