"benchmark","vs","params","displayName","","worstName","worstTime","worstNCores","worstSpeedup","worstMaxstddev","worstFactor","worstFactorStdDev","worstOverhead","worstStdDevForOverhead","worstRuntimeX","worstRuntimeY","","bestName","bestTime","bestNCores","bestSpeedup","bestMaxstddev","bestFactor","bestFactorStdDev","bestOverhead","bestStdDevForOverhead","bestRuntimeX","bestRuntimeY","meanFactor","maxStdDevFactor","meanOverhead","maxStdDevForOverhead","runtimeMaxCores"
"Rabin-Miller (Shared-Memory)","Eden CP","11213 64","Eden CP vs. PArrows 11213 64","2","bench/./skelrm-eden-cp 11213 64-bench/./skelrm-parr-eden-cp 11213 64",-0.19811010816031427,2,1.0202687069202465e-2,1.609078624767623e-2,1.005,4.215516565790552e-4,5.0e-3,4.1937503593220354e-4,38.1703784021512,38.368488510311515,"5","bench/./skelrm-eden-cp 11213 64-bench/./skelrm-parr-eden-cp 11213 64",1.1685287269453504e-2,16,-2.897939565695573e-2,0.1060196023842691,0.998,1.920421149635597e-2,-2.0e-3,1.924494637322122e-2,5.520643344528177,5.508958057258724,1.002,0.019,"\textit{0.002}",0.019,10.315
"Rabin-Miller (Shared-Memory)","GpH","11213 64","GpH vs. PArrows 11213 64","5","bench/./skelrm-mult 11213 64-bench/./skelrm-parr-mult 11213 64",-0.2226828384316626,16,0.4995938552502963,7.574642022807072e-2,1.039,1.3317170214233849e-2,3.8e-2,1.2815440163615218e-2,5.687876554067796,5.910559392499459,"2","bench/./skelrm-mult 11213 64-bench/./skelrm-parr-mult 11213 64",-4.243913634369534e-2,2,2.138593354588547e-3,3.344836082497214e-2,1.001,8.650462674241591e-4,1.0e-3,8.640978621403383e-4,38.66655702078346,38.70899615712715,1.016,0.013,"\textit{0.016}",0.013,10.563
"Rabin-Miller (Shared-Memory)","Par Monad ","11213 64","Par Monad vs. PArrows 11213 64","3","bench/./skelrm-par 11213 64-bench/./skelrm-parr-par 11213 64",-6.882146093994379e-2,4,1.2620334333781624e-2,6.309519134219096e-2,1.003,3.1163920267642115e-3,3.0e-3,3.1058346010475308e-3,20.246230512822702,20.315051973762646,"5","bench/./skelrm-par 11213 64-bench/./skelrm-parr-par 11213 64",0.4702964991124139,16,-1.0450499941127287,0.9239802887252248,0.922,0.15232342585814976,-8.4e-2,0.16512580504059476,6.065910634032586,5.595614134920172,0.963,0.152,"\textbf{-0.04}",0.165,11.38
