"benchmark","displayName","","name","time","nCores","speedup","max stddev","factor"
"Jacobi (Distributed)","Eden vs. PArrows 3217","5","bench/./skelrm-eden-cp 11213 32-bench/./skelrm-parr-eden-cp 11213 32",7.287706972824148e-2,16,-0.3338598781675728,7.089951452843575e-2,0.9749222280079053
"Jacobi (Distributed)","Eden vs. PArrows 4253","4","bench/./skelrm-eden-cp 11213 64-bench/./skelrm-parr-eden-cp 11213 64",-5.808425860271527e-3,8,4.106585397168239e-3,1.713453264900074e-2,1.0005623105578376
"Jacobi (Distributed)",,"6","bench/./skelrm-mult 11213 32-bench/./skelrm-parr-mult 11213 32",1.172498396287347e-2,32,-7.140118957127406e-2,6.625269293046255e-3,0.9952998445962831
"Jacobi (Distributed)",,"2","bench/./skelrm-mult 11213 64-bench/./skelrm-parr-mult 11213 64",-6.857601501461374e-2,2,3.459987637291384e-3,2.420446618571527e-2,1.0017745690818005
"Jacobi (Distributed)",,"5","bench/./skelrm-par 11213 32-bench/./skelrm-parr-par 11213 32",4.316497718294432e-2,16,-0.19871471965274345,6.821039559828411e-2,0.9850330750595038
"Jacobi (Distributed)",,"5","bench/./skelrm-par 11213 64-bench/./skelrm-parr-par 11213 64",1.010696813981566,16,-2.1625634312339646,1.4465160056236366,0.843695245002557
