"benchmark","vs","params","displayName","","worstName","worstTime","worstNCores","worstSpeedup","worstMaxstddev","worstFactor","worstFactorStdDev","worstOverhead","worstStdDevForOverhead","worstRuntimeX","worstRuntimeY","","bestName","bestTime","bestNCores","bestSpeedup","bestMaxstddev","bestFactor","bestFactorStdDev","bestOverhead","bestStdDevForOverhead","bestRuntimeX","bestRuntimeY","meanFactor","maxStdDevFactor","meanOverhead","maxStdDevForOverhead","runtimeMaxCores"
"Rabin-Miller (Shared-Memory)","Eden CP","11213 32","Eden CP vs. PArrows 11213 32","5","bench/./skelrm-eden-cp 11213 32-bench/./skelrm-parr-eden-cp 11213 32",-4.269474227395342e-2,16,0.20225719175084578,0.1465317786293577,1.01525,5.234126303721241e-2,1.502e-2,5.155501835834275e-2,2.7995460966461554,2.842240838920109,"2","bench/./skelrm-eden-cp 11213 32-bench/./skelrm-parr-eden-cp 11213 32",-8.875875247435872e-2,2,9.143105109885141e-3,1.8744278260221795e-2,1.00465,9.821515322365121e-4,4.63e-3,9.776049572283482e-4,19.084914745831686,19.173673498306044,1.00799,0.05234,"\textit{0.00791}",0.05156,5.16205
"Rabin-Miller (Shared-Memory)","GpH","11213 32","GpH vs. PArrows 11213 32","5","bench/./skelrm-mult 11213 32-bench/./skelrm-parr-mult 11213 32",-0.25967859766549584,16,1.020098622917022,0.22301263698737295,1.08742,7.507435200045001e-2,8.039e-2,6.903912569882896e-2,2.9705569351572447,3.2302355328227406,"2","bench/./skelrm-mult 11213 32-bench/./skelrm-parr-mult 11213 32",-5.445944890379906e-2,2,5.4778328142575106e-3,2.0278329686933546e-2,1.00282,1.0489910624942255e-3,2.81e-3,1.046044179599149e-3,19.331270219516455,19.385729668420254,1.03723,0.07507,"\textit{0.03487}",0.06904,5.28257
"Rabin-Miller (Shared-Memory)","Par Monad ","11213 32","Par Monad vs. PArrows 11213 32","5","bench/./skelrm-par 11213 32-bench/./skelrm-parr-par 11213 32",-1.5569804960655187e-2,16,6.762528606934914e-2,0.15029939404345763,1.0053,5.115390793893668e-2,5.27e-3,5.088426548551566e-2,2.9381800941361638,2.953749899096819,"4","bench/./skelrm-par 11213 32-bench/./skelrm-parr-par 11213 32",0.5582982600770059,8,-0.6818679418683526,0.9838505435373271,0.90443,0.16842015507263824,-0.10567,0.18621734058802458,5.841643733869028,5.283345473792022,0.97781,0.16842,"\textbf{-0.02472}",0.18622,5.84164
