"","name","time","nCores","speedup","max stddev","factor","factorStdDev","overhead","stdDevForOverhead","runtimeX","runtimeY"
"2","bench/./skelrm-eden-cp 11213 64-bench/./skelrm-parr-eden-cp 11213 64",-0.19811010816031427,2,1.0202687069202465e-2,1.609078624767623e-2,1.0051901531096465,4.215516565790552e-4,5.163354509184595e-3,4.1937503593220354e-4,38.1703784021512,38.368488510311515
"3","bench/./skelrm-eden-cp 11213 64-bench/./skelrm-parr-eden-cp 11213 64",-8.192372601479292e-2,4,1.5556475309081108e-2,1.4052856007800676e-2,1.0041190637419681,7.065671017255699e-4,4.102166656031839e-3,7.036686457206222e-4,19.888919217270313,19.970842943285106
"4","bench/./skelrm-eden-cp 11213 64-bench/./skelrm-parr-eden-cp 11213 64",-1.3537563383579254e-2,8,9.58319292399512e-3,4.085153828714117e-2,1.0013123679434914,3.960258413665996e-3,1.310647891213786e-3,3.955067909327464e-3,10.315371882342662,10.328909445726241
"5","bench/./skelrm-eden-cp 11213 64-bench/./skelrm-parr-eden-cp 11213 64",1.1685287269453504e-2,16,-2.897939565695573e-2,0.1060196023842691,0.9978833468238741,1.920421149635597e-2,-2.121142899982096e-3,1.924494637322122e-2,5.520643344528177,5.508958057258724
