"","name","time","nCores","speedup","max stddev","factor"
"2","bench/./skelrm-eden-cp 11213 64-bench/./skelrm-parr-eden-cp 11213 64",-0.26656711505104624,2,1.3701032278649716e-2,2.812904983584684e-2,1.0069803135995987
"3","bench/./skelrm-eden-cp 11213 64-bench/./skelrm-parr-eden-cp 11213 64",-7.048364387204487e-2,4,1.3362383946427414e-2,6.842721929719527e-3,1.0035386508396924
"4","bench/./skelrm-eden-cp 11213 64-bench/./skelrm-parr-eden-cp 11213 64",-5.808425860271527e-3,8,4.106585397168239e-3,1.713453264900074e-2,1.0005623105578376
"5","bench/./skelrm-eden-cp 11213 64-bench/./skelrm-parr-eden-cp 11213 64",-6.573803671118306e-2,16,0.16452763615617272,8.285804888271962e-2,1.0120423613009333
"6","bench/./skelrm-eden-cp 11213 64-bench/./skelrm-parr-eden-cp 11213 64",-3.1037878038155498e-2,32,0.10819794184678955,8.82115921816444e-3,1.0066925009458454
