"","name","time","nCores","speedup","max stddev","factor","factorStdDev","overhead","stdDevForOverhead"
"2","bench/./skelrm-eden-cp 11213 64-bench/./skelrm-parr-eden-cp 11213 64",-0.26656711505104624,2,1.3701032278649716e-2,2.812904983584684e-2,1.0069803135995987,7.365859403751092e-4,6.931926578233363e-3,7.314799807178699e-4
"3","bench/./skelrm-eden-cp 11213 64-bench/./skelrm-parr-eden-cp 11213 64",-7.048364387204487e-2,4,1.3362383946427414e-2,6.842721929719527e-3,1.0035386508396924,3.435407475008137e-4,3.5261729448402175e-3,3.423293634115262e-4
"4","bench/./skelrm-eden-cp 11213 64-bench/./skelrm-parr-eden-cp 11213 64",-5.808425860271527e-3,8,4.106585397168239e-3,1.713453264900074e-2,1.0005623105578376,1.6587848143242575e-3,5.619945423730083e-4,1.657852586311636e-3
"5","bench/./skelrm-eden-cp 11213 64-bench/./skelrm-parr-eden-cp 11213 64",-6.573803671118306e-2,16,0.16452763615617272,8.285804888271962e-2,1.0120423613009333,1.5178526942018626e-2,1.189906841987661e-2,1.4997916611422607e-2
