"","name","time","nCores","speedup","max stddev","factor","factorStdDev","overhead","stdDevForOverhead","runtimeX","runtimeY"
"2","bench/./skelrm-eden-cp 11213 32-bench/./skelrm-parr-eden-cp 11213 32",-8.875875247435872e-2,2,9.143105109885141e-3,1.8744278260221795e-2,1.004650728266614,9.821515322365121e-4,4.629199119417589e-3,9.776049572283482e-4,19.084914745831686,19.173673498306044
"3","bench/./skelrm-eden-cp 11213 32-bench/./skelrm-parr-eden-cp 11213 32",-5.3357532661822304e-2,4,2.017817771555208e-2,1.3150167697781616e-2,1.0053587108784534,1.3206747609978684e-3,5.33014815554844e-3,1.3136353688564563e-3,9.957158330068852,10.010515862730674
"4","bench/./skelrm-eden-cp 11213 32-bench/./skelrm-parr-eden-cp 11213 32",-3.465114461465024e-2,8,4.869070566991596e-2,3.1429548309701835e-2,1.0067126740201637,6.088581336929933e-3,6.66791448383949e-3,6.047983197247383e-3,5.1620478680423885,5.196699012657039
"5","bench/./skelrm-eden-cp 11213 32-bench/./skelrm-parr-eden-cp 11213 32",-4.269474227395342e-2,16,0.20225719175084578,0.1465317786293577,1.0152505944892645,5.234126303721241e-2,1.5021507568716456e-2,5.155501835834275e-2,2.7995460966461554,2.842240838920109
