"","name","time","nCores","speedup","max stddev","factor","factorStdDev","overhead","stdDevForOverhead"
"2","bench/./skelrm-eden-cp 11213 32-bench/./skelrm-parr-eden-cp 11213 32",-0.1048676073551178,2,1.0775343629641387e-2,2.7411698264342373e-2,1.0054884686545291,1.4346493687205503e-3,5.458509794620935e-3,1.4268183210895424e-3
"3","bench/./skelrm-eden-cp 11213 32-bench/./skelrm-parr-eden-cp 11213 32",-6.077445505393797e-2,4,2.295393279422342e-2,1.018105027869828e-2,1.006100087715933,1.0218980932904043e-3,6.06310226031431e-3,1.0157022206511643e-3
"4","bench/./skelrm-eden-cp 11213 32-bench/./skelrm-parr-eden-cp 11213 32",1.029019037054546e-3,8,-1.4435369569767431e-3,4.4244326852269866e-2,0.9998015692553199,8.5318486918334e-3,-1.9847012725524436e-4,8.53354200892899e-3
"5","bench/./skelrm-eden-cp 11213 32-bench/./skelrm-parr-eden-cp 11213 32",7.287706972824148e-2,16,-0.3338598781675728,7.089951452843575e-2,0.9749222280079053,2.4397274291138308e-2,-2.5722843598855134e-2,2.5024841561967628e-2
