"","name","time","nCores","speedup","max stddev","factor"
"2","bench/./skelrm-eden-cp 11213 32-bench/./skelrm-parr-eden-cp 11213 32",-0.1048676073551178,2,1.0775343629641387e-2,2.7411698264342373e-2,1.0054884686545291
"3","bench/./skelrm-eden-cp 11213 32-bench/./skelrm-parr-eden-cp 11213 32",-6.077445505393797e-2,4,2.295393279422342e-2,1.018105027869828e-2,1.006100087715933
"4","bench/./skelrm-eden-cp 11213 32-bench/./skelrm-parr-eden-cp 11213 32",1.029019037054546e-3,8,-1.4435369569767431e-3,4.4244326852269866e-2,0.9998015692553199
"5","bench/./skelrm-eden-cp 11213 32-bench/./skelrm-parr-eden-cp 11213 32",7.287706972824148e-2,16,-0.3338598781675728,7.089951452843575e-2,0.9749222280079053
