"","name","time","nCores","speedup","max stddev","factor","factorStdDev","overhead","stdDevForOverhead","runtimeX","runtimeY"
"2","bench/./skelrm-mult 11213 32-bench/./skelrm-parr-mult 11213 32",-2.456003210197011e-2,2,2.4722792886240352e-3,1.1630842406309554e-2,1.0012695948191122,6.012393306186763e-4,1.26798499193578e-3,6.004769681708903e-4,19.34477971416374,19.36933974626571
"3","bench/./skelrm-mult 11213 32-bench/./skelrm-parr-mult 11213 32",-0.1015564767229904,4,3.6843156503695074e-2,3.0064689592480702e-2,1.0100097077855177,2.963265044177163e-3,9.910506511332857e-3,2.93389758666204e-3,10.1457983488713,10.247354825594291
"4","bench/./skelrm-mult 11213 32-bench/./skelrm-parr-mult 11213 32",-0.16541457724654052,8,0.21461852538360393,3.0821665985213645e-2,1.0311536241572408,5.804848726072248e-3,3.021239845100929e-2,5.62947032341232e-3,5.309641549620295,5.475056126866836
"5","bench/./skelrm-mult 11213 32-bench/./skelrm-parr-mult 11213 32",-0.19138081071691415,16,0.7394780462941295,0.10304005465683112,1.0631593146557636,3.4005181657654635e-2,5.940719681905225e-2,3.1985029138050715e-2,3.030128046195472,3.221508856912386
