"","name","time","nCores","speedup","max stddev","factor","factorStdDev","overhead","stdDevForOverhead"
"2","bench/./skelrm-mult 11213 64-bench/./skelrm-parr-mult 11213 64",-6.857601501461374e-2,2,3.459987637291384e-3,2.420446618571527e-2,1.0017745690818005,6.263486924036559e-4,1.7714255647625942e-3,6.252391623174765e-4
"3","bench/./skelrm-mult 11213 64-bench/./skelrm-parr-mult 11213 64",-9.013504048602528e-2,4,1.650949702342075e-2,3.006893159512513e-2,1.0044500247934554,1.4845224497543553e-3,4.430309804980581e-3,1.4779455553894949e-3
"4","bench/./skelrm-mult 11213 64-bench/./skelrm-parr-mult 11213 64",-0.20466311741620125,8,0.13574569728377472,4.0512181771386435e-2,1.019370164165115,3.834240489960484e-3,1.9002090551649198e-2,3.7613819049734554e-3
"5","bench/./skelrm-mult 11213 64-bench/./skelrm-parr-mult 11213 64",-0.4388957600005803,16,0.957659996840734,0.1834948398254979,1.0774588834715308,3.238423951885905e-2,7.189033814632569e-2,3.0056125589236666e-2
