"","name","time","nCores","speedup","max stddev","factor","factorStdDev","overhead","stdDevForOverhead","runtimeX","runtimeY"
"2","bench/./skelrm-mult 11213 64-bench/./skelrm-parr-mult 11213 64",-4.243913634369534e-2,2,2.138593354588547e-3,3.344836082497214e-2,1.0010975669832947,8.650462674241591e-4,1.096363650749992e-3,8.640978621403383e-4,38.66655702078346,38.70899615712715
"3","bench/./skelrm-mult 11213 64-bench/./skelrm-parr-mult 11213 64",-0.12693921755999327,4,2.31707259179319e-2,1.4462575839398526e-2,1.0062642518068425,7.137054928728595e-4,6.225255240454512e-3,7.092624940132116e-4,20.26406687887844,20.391006096438435
"4","bench/./skelrm-mult 11213 64-bench/./skelrm-parr-mult 11213 64",-0.18737204859240109,8,0.12445432351738095,2.9640141619591862e-2,1.0177386673916968,2.806056813609782e-3,1.7429491440232123e-2,2.7571486703961653e-3,10.562915717113382,10.750287765705783
"5","bench/./skelrm-mult 11213 64-bench/./skelrm-parr-mult 11213 64",-0.2226828384316626,16,0.4995938552502963,7.574642022807072e-2,1.039150434492536,1.3317170214233849e-2,3.767542522527541e-2,1.2815440163615218e-2,5.687876554067796,5.910559392499459
