"","name","time","nCores","speedup","max stddev","factor","factorStdDev","overhead","stdDevForOverhead","runtimeX","runtimeY"
"2","bench/./skelrm-mult 11213 32-bench/./skelrm-parr-mult 11213 32",-5.445944890379906e-2,2,5.4778328142575106e-3,2.0278329686933546e-2,1.0028171686746594,1.0489910624942255e-3,2.809254530796156e-3,1.046044179599149e-3,19.331270219516455,19.385729668420254
"3","bench/./skelrm-mult 11213 32-bench/./skelrm-parr-mult 11213 32",-9.40822714732743e-2,4,3.414868224614587e-2,3.8714500917500734e-2,1.0092748428220102,3.8165629434700624e-3,9.189610627841504e-3,3.781490216082924e-3,10.143813030449085,10.237895301922359
"4","bench/./skelrm-mult 11213 32-bench/./skelrm-parr-mult 11213 32",-0.2610501303440991,8,0.3360188807412019,3.985948437834225e-2,1.0494172832907327,7.54547576264635e-3,4.7090212899649715e-2,7.190157702554187e-3,5.2825674128681746,5.543617543212274
"5","bench/./skelrm-mult 11213 32-bench/./skelrm-parr-mult 11213 32",-0.25967859766549584,16,1.020098622917022,0.22301263698737295,1.0874174787199458,7.507435200045001e-2,8.038998860203106e-2,6.903912569882896e-2,2.9705569351572447,3.2302355328227406
