"","name","time","nCores","speedup","max stddev","factor"
"2","bench/./skelrm-mult 11213 32-bench/./skelrm-parr-mult 11213 32",-2.456003210197011e-2,2,2.4722792886240352e-3,1.1630842406309554e-2,1.0012695948191122
"3","bench/./skelrm-mult 11213 32-bench/./skelrm-parr-mult 11213 32",-0.1015564767229904,4,3.6843156503695074e-2,3.0064689592480702e-2,1.0100097077855177
"4","bench/./skelrm-mult 11213 32-bench/./skelrm-parr-mult 11213 32",-0.16541457724654052,8,0.21461852538360393,3.0821665985213645e-2,1.0311536241572408
"5","bench/./skelrm-mult 11213 32-bench/./skelrm-parr-mult 11213 32",-0.19138081071691415,16,0.7394780462941295,0.10304005465683112,1.0631593146557636
"6","bench/./skelrm-mult 11213 32-bench/./skelrm-parr-mult 11213 32",1.172498396287347e-2,32,-7.140118957127406e-2,6.625269293046255e-3,0.9952998445962831
