"","name","time","nCores","speedup","max stddev","factor"
"2","bench/./skelrm-mult 11213 64-bench/./skelrm-parr-mult 11213 64",-6.857601501461374e-2,2,3.459987637291384e-3,2.420446618571527e-2,1.0017745690818005
"3","bench/./skelrm-mult 11213 64-bench/./skelrm-parr-mult 11213 64",-9.013504048602528e-2,4,1.650949702342075e-2,3.006893159512513e-2,1.0044500247934554
"4","bench/./skelrm-mult 11213 64-bench/./skelrm-parr-mult 11213 64",-0.20466311741620125,8,0.13574569728377472,4.0512181771386435e-2,1.019370164165115
"5","bench/./skelrm-mult 11213 64-bench/./skelrm-parr-mult 11213 64",-0.4388957600005803,16,0.957659996840734,0.1834948398254979,1.0774588834715308
