"","name","time","nCores","speedup","max stddev","factor","factorStdDev","overhead","stdDevForOverhead","runtimeX","runtimeY"
"2","bench/./skelrm-par 11213 64-bench/./skelrm-parr-par 11213 64",-3.841544460091484e-2,2,1.9385931427609027e-3,1.360114193527545e-2,1.0009941627729722,3.5198730933441654e-4,9.9317539496745e-4,3.516377241994448e-4,38.641000895726215,38.67941634032713
"3","bench/./skelrm-par 11213 64-bench/./skelrm-parr-par 11213 64",-6.882146093994379e-2,4,1.2620334333781624e-2,6.309519134219096e-2,1.0033992234206934,3.1163920267642115e-3,3.387707844844713e-3,3.1058346010475308e-3,20.246230512822702,20.315051973762646
"4","bench/./skelrm-par 11213 64-bench/./skelrm-parr-par 11213 64",0.829724917705688,8,-0.5212405266007494,1.4691297224736641,0.927089118033758,0.12909765815466331,-7.864495499728971e-2,0.1392505376704923,11.379987394609417,10.550262476903729
"5","bench/./skelrm-par 11213 64-bench/./skelrm-parr-par 11213 64",0.4702964991124139,16,-1.0450499941127287,0.9239802887252248,0.9224689370671187,0.15232342585814976,-8.404734275322277e-2,0.16512580504059476,6.065910634032586,5.595614134920172
