"","name","time","nCores","speedup","max stddev","factor","factorStdDev","overhead","stdDevForOverhead"
"2","bench/./skelrm-par 11213 64-bench/./skelrm-parr-par 11213 64",5.30330319372041e-3,2,-2.675941311824914e-4,2.4017404654093962e-2,0.9998628909065962,6.209346246568432e-4,-1.3712789488511438e-4,6.210197721147838e-4
"3","bench/./skelrm-par 11213 64-bench/./skelrm-parr-par 11213 64",-2.3926887971658317e-2,4,4.389808655104854e-3,1.4490323227211568e-2,1.0011803384996938,7.148228552892252e-4,1.1789469432276873e-3,7.139801170690328e-4
"4","bench/./skelrm-par 11213 64-bench/./skelrm-parr-par 11213 64",-2.4723584970665513e-2,8,1.6794819952224316e-2,2.6162032886140763e-2,1.0023482115612194,2.484833334693646e-3,2.342710381616798e-3,2.479012089843872e-3
"5","bench/./skelrm-par 11213 64-bench/./skelrm-parr-par 11213 64",1.010696813981566,16,-2.1625634312339646,1.4465160056236366,0.843695245002557,0.22370440544695944,-0.18526210254624495,0.2651483539489208
