"","name","time","nCores","speedup","max stddev","factor"
"2","bench/./skelrm-par 11213 64-bench/./skelrm-parr-par 11213 64",5.30330319372041e-3,2,-2.675941311824914e-4,2.4017404654093962e-2,0.9998628909065962
"3","bench/./skelrm-par 11213 64-bench/./skelrm-parr-par 11213 64",-2.3926887971658317e-2,4,4.389808655104854e-3,1.4490323227211568e-2,1.0011803384996938
"4","bench/./skelrm-par 11213 64-bench/./skelrm-parr-par 11213 64",-2.4723584970665513e-2,8,1.6794819952224316e-2,2.6162032886140763e-2,1.0023482115612194
"5","bench/./skelrm-par 11213 64-bench/./skelrm-parr-par 11213 64",1.010696813981566,16,-2.1625634312339646,1.4465160056236366,0.843695245002557
"6","bench/./skelrm-par 11213 64-bench/./skelrm-parr-par 11213 64",4.8082237131893635e-2,32,-0.1495043802644478,4.0267010151771844e-2,0.9902885365292724
