"","name","time","nCores","speedup","max stddev","factor"
"2","bench/./skelrm-par 11213 32-bench/./skelrm-parr-par 11213 32",2.7767224237322807e-2,2,-2.7965270143028853e-3,9.199748932409763e-3,0.9985661934182463
"3","bench/./skelrm-par 11213 32-bench/./skelrm-parr-par 11213 32",-1.2123917539915041e-2,4,4.438325021821843e-3,1.922658457428221e-2,1.0011951345471901
"4","bench/./skelrm-par 11213 32-bench/./skelrm-parr-par 11213 32",4.0559470653533936e-3,8,-5.456709942745164e-3,1.8543203129882002e-2,0.9992342771054812
"5","bench/./skelrm-par 11213 32-bench/./skelrm-parr-par 11213 32",4.316497718294432e-2,16,-0.19871471965274345,6.821039559828411e-2,0.9850330750595038
"6","bench/./skelrm-par 11213 32-bench/./skelrm-parr-par 11213 32",-8.043571892712098e-3,32,4.7864741705131664e-2,2.039580092330975e-2,1.0032000185547107
