"","name","time","nCores","speedup","max stddev","factor","factorStdDev","overhead","stdDevForOverhead","runtimeX","runtimeY"
"2","bench/./skelrm-par 11213 32-bench/./skelrm-parr-par 11213 32",2.7767224237322807e-2,2,-2.7965270143028853e-3,9.199748932409763e-3,0.9985661934182463,4.750442628702305e-4,-1.4358653349215006e-3,4.757263624598392e-4,19.36608786058088,19.338320636343557
"3","bench/./skelrm-par 11213 32-bench/./skelrm-parr-par 11213 32",-1.2123917539915041e-2,4,4.438325021821843e-3,1.922658457428221e-2,1.0011951345471901,1.8952913011445703e-3,1.193707905632727e-3,1.8930288769349172e-3,10.144395514647925,10.15651943218784
"4","bench/./skelrm-par 11213 32-bench/./skelrm-parr-par 11213 32",4.0559470653533936e-3,8,-5.456709942745164e-3,1.8543203129882002e-2,0.9992342771054812,3.500774281684497e-3,-7.663096753815066e-4,3.5034569588878787e-3,5.296886242251361,5.292830295186008
"5","bench/./skelrm-par 11213 32-bench/./skelrm-parr-par 11213 32",4.316497718294432e-2,16,-0.19871471965274345,6.821039559828411e-2,0.9850330750595038,2.36511157356631e-2,-1.5194337448610155e-2,2.40104787691869e-2,2.8840244308403116,2.8408594536573673
