"","name","time","nCores","speedup","max stddev","factor","factorStdDev","overhead","stdDevForOverhead","runtimeX","runtimeY"
"2","bench/./skelrm-par 11213 32-bench/./skelrm-parr-par 11213 32",-2.508668984389928e-2,2,2.5273208155460747e-3,6.541969974491509e-3,1.0012977602039583,3.384228186824884e-4,1.2960782052424062e-3,3.3798419624303733e-4,19.33075907812602,19.35584576796992
"3","bench/./skelrm-par 11213 32-bench/./skelrm-parr-par 11213 32",-2.2506954976257987e-3,4,8.206195092488322e-4,2.2997698395453438e-2,1.000221379967398,2.2620695364541426e-3,2.213309691552337e-4,2.2615688704113427e-3,10.16666288318571,10.168913578683336
"4","bench/./skelrm-par 11213 32-bench/./skelrm-parr-par 11213 32",0.5582982600770059,8,-0.6818679418683526,0.9838505435373271,0.9044278827138891,0.16842015507263824,-0.1056713521473162,0.18621734058802458,5.841643733869028,5.283345473792022
"5","bench/./skelrm-par 11213 32-bench/./skelrm-parr-par 11213 32",-1.5569804960655187e-2,16,6.762528606934914e-2,0.15029939404345763,1.005299132272977,5.115390793893668e-2,5.271199489644007e-3,5.088426548551566e-2,2.9381800941361638,2.953749899096819
