"benchmark","displayName","","name","time","nCores","speedup","max stddev","factor"
Rabin-Miller (Shared-Memory),Eden CP vs. PArrows 11213 32,"3","bench/./skelrm-eden-cp 11213 32-bench/./skelrm-parr-eden-cp 11213 32",-6.077445505393797e-2,4,2.295393279422342e-2,1.018105027869828e-2,1.006100087715933
Rabin-Miller (Shared-Memory),Eden CP vs. PArrows 11213 64,"5","bench/./skelrm-eden-cp 11213 64-bench/./skelrm-parr-eden-cp 11213 64",-6.573803671118306e-2,16,0.16452763615617272,8.285804888271962e-2,1.0120423613009333
Rabin-Miller (Shared-Memory),GpH vs. PArrows 11213 32,"5","bench/./skelrm-mult 11213 32-bench/./skelrm-parr-mult 11213 32",-0.19138081071691415,16,0.7394780462941295,0.10304005465683112,1.0631593146557636
Rabin-Miller (Shared-Memory),GpH vs. PArrows 11213 64,"6","bench/./skelrm-mult 11213 64-bench/./skelrm-parr-mult 11213 64",-0.567568840562469,32,1.607118375497695,3.135845154979635e-2,1.1161386554917223
Rabin-Miller (Shared-Memory),Par Monad vs. PArrows 11213 32,"6","bench/./skelrm-par 11213 32-bench/./skelrm-parr-par 11213 32",-8.043571892712098e-3,32,4.7864741705131664e-2,2.039580092330975e-2,1.0032000185547107
Rabin-Miller (Shared-Memory),Par Monad vs. PArrows 11213 64,"4","bench/./skelrm-par 11213 64-bench/./skelrm-parr-par 11213 64",-2.4723584970665513e-2,8,1.6794819952224316e-2,2.6162032886140763e-2,1.0023482115612194
