"","name","time","nCores","speedup","stddev"
"2","bench/./parmonad-sudoku sudoku17.1000.txt",3.5583882279641403,2,1.845248387999907,1.4433615064484874e-2
"3","bench/./parmonad-sudoku sudoku17.1000.txt",1.9713967966690962,4,3.3306892618588413,9.576493449019608e-3
"4","bench/./parmonad-sudoku sudoku17.1000.txt",1.1404864362284843,8,5.757289111865619,1.040151157754835e-3
"5","bench/./parmonad-sudoku sudoku17.1000.txt",0.7507639534097881,16,8.745904903541245,1.2767611587738788e-2
