"","name","time","nCores","speedup","stddev"
"2","bench/./parrows-sudoku-parmap-eden sudoku17.16000.txt",51.652484757871996,2,1.8702943350166443,2.7521125512115746e-2
"3","bench/./parrows-sudoku-parmap-eden sudoku17.16000.txt",29.43661656240489,4,3.2818088800178726,0.13086489658395814
"4","bench/./parrows-sudoku-parmap-eden sudoku17.16000.txt",17.40558017479329,8,5.550251624021424,1.306376231606286e-2
"5","bench/./parrows-sudoku-parmap-eden sudoku17.16000.txt",11.156297305127717,16,8.659266330933946,7.379558402766635e-2
"6","bench/./parrows-sudoku-parmap-eden sudoku17.16000.txt",8.271153933311409,32,11.679791043799979,0.10351535864447615
