"","name","time","nCores","speedup","stddev"
"2","bench/./parrows-sudoku-parmap-par sudoku17.16000.txt",50.858691079568054,2,1.8680266473808622,7.449632417347743e-2
"3","bench/./parrows-sudoku-parmap-par sudoku17.16000.txt",28.057498598290334,4,3.386096228597284,7.318367917158033e-2
"4","bench/./parrows-sudoku-parmap-par sudoku17.16000.txt",16.428890233574986,8,5.782824575295185,3.2278903976397245e-2
"5","bench/./parrows-sudoku-parmap-par sudoku17.16000.txt",10.920748326849951,16,8.69953114421312,4.5910936931601455e-2
