"","name","time","nCores","speedup","stddev"
"2","bench/./multicore-sudoku sudoku17.1000.txt",3.582799262334054,2,1.8326759778473078,1.1920317582810914e-2
"3","bench/./multicore-sudoku sudoku17.1000.txt",1.9589119642227675,4,3.3519169117607053,1.5523951092481654e-2
"4","bench/./multicore-sudoku sudoku17.1000.txt",1.1178549340491282,8,5.873848154648038,4.5675920968223345e-3
"5","bench/./multicore-sudoku sudoku17.1000.txt",0.7328493552365024,16,8.95969969081802,1.487135122765134e-2
