"","name","time","nCores","speedup","stddev"
"2","bench/./multicore-sudoku sudoku17.16000.txt",82.66053717027225,2,1.1493439728300228,0.16292428483062213
"3","bench/./multicore-sudoku sudoku17.16000.txt",72.64034991569106,4,1.3078872871318912,0.5660274164603903
"4","bench/./multicore-sudoku sudoku17.16000.txt",70.03856663956941,8,1.356472508588856,5.1840971419772404e-2
"5","bench/./multicore-sudoku sudoku17.16000.txt",71.2082384036493,16,1.3341909913428727,0.4470438017537463
