"","name","time","nCores","speedup","stddev"
"2","bench/./parmonad-sudoku sudoku17.16000.txt",51.89153455938203,2,1.8238088011786255,6.678837212385214e-2
"3","bench/./parmonad-sudoku sudoku17.16000.txt",28.71087917877455,4,3.296319727681193,5.73473158133013e-3
"4","bench/./parmonad-sudoku sudoku17.16000.txt",16.875145039267537,8,5.608262164019516,5.551530692769531e-2
"5","bench/./parmonad-sudoku sudoku17.16000.txt",11.180910578675267,16,8.464448111817283,1.8406631165827393e-2
