"","name","time","nCores","speedup","stddev"
"2","bench/./parrows-sudoku-parmap-par sudoku17.16000.txt",49.83426111641103,2,1.8853987401004701,3.484179693223407e-2
"3","bench/./parrows-sudoku-parmap-par sudoku17.16000.txt",27.496494227963098,4,3.417070276077862,4.0880212384375655e-2
"4","bench/./parrows-sudoku-parmap-par sudoku17.16000.txt",16.197863087932173,8,5.800607932827876,3.022778298329428e-2
"5","bench/./parrows-sudoku-parmap-par sudoku17.16000.txt",10.830382348291481,16,8.675358828632787,2.4880122417938952e-2
"6","bench/./parrows-sudoku-parmap-par sudoku17.16000.txt",10.758813370220684,32,8.733068405367455,0.21010945230477784
