"","name","time","nCores","speedup","stddev"
"2","bench/./parrows-sudoku-parmap-par sudoku17.16000.txt",49.955246152516565,2,1.8945004724253196,5.9785665660174576e-2
"3","bench/./parrows-sudoku-parmap-par sudoku17.16000.txt",27.489499661093486,4,3.4427777370576242,2.2817498145106616e-2
"4","bench/./parrows-sudoku-parmap-par sudoku17.16000.txt",16.197351104533208,8,5.842945357255266,2.978293381856337e-2
"5","bench/./parrows-sudoku-parmap-par sudoku17.16000.txt",10.909389017206626,16,8.675118037022628,0.11210633866439516
"6","bench/./parrows-sudoku-parmap-par sudoku17.16000.txt",10.977207253743904,32,8.621522327893336,0.19148113252991072
