"","name","time","nCores","speedup","stddev"
"2","bench/./parrows-sudoku-parmap-mult sudoku17.1000.txt",3.5952238358297586,2,1.8263425147806556,1.8591769705399604e-2
"3","bench/./parrows-sudoku-parmap-mult sudoku17.1000.txt",1.9477348015694458,4,3.3711520358099243,8.26350148613019e-3
"4","bench/./parrows-sudoku-parmap-mult sudoku17.1000.txt",1.1109972229381704,8,5.910104909320818,4.780421531987462e-3
"5","bench/./parrows-sudoku-parmap-mult sudoku17.1000.txt",0.7170512972760834,16,9.157099591719382,9.324831824110666e-3
"6","bench/./parrows-sudoku-parmap-mult sudoku17.1000.txt",0.7745148472849168,32,8.4777072570608,5.095038783550118e-2
