"","name","time","nCores","speedup","stddev"
"2","bench/./parmonad-sudoku sudoku17.16000.txt",51.681386733629125,2,1.8998872232441884,2.2834875332776568e-2
"3","bench/./parmonad-sudoku sudoku17.16000.txt",28.698489438219525,4,3.42139284181277,3.965762074331156e-2
"4","bench/./parmonad-sudoku sudoku17.16000.txt",16.903604213194622,8,5.808749725583341,4.223691592810929e-2
"5","bench/./parmonad-sudoku sudoku17.16000.txt",11.171164366876818,16,8.789487211010828,4.46071857540714e-2
"6","bench/./parmonad-sudoku sudoku17.16000.txt",10.969655169737742,32,8.95094739218782,0.21497552430197311
