"","name","time","nCores","speedup","stddev"
"2","bench/./parrows-sudoku-parmap-mult sudoku17.16000.txt",81.52708129983695,2,1.1608441750539527,7.606254694526333e-2
"3","bench/./parrows-sudoku-parmap-mult sudoku17.16000.txt",72.58458166585501,4,1.3038614436292342,0.3899792227338572
"4","bench/./parrows-sudoku-parmap-mult sudoku17.16000.txt",69.35421917789813,8,1.364592357291304,0.15453792896866597
"5","bench/./parrows-sudoku-parmap-mult sudoku17.16000.txt",70.91267616493721,16,1.3346025358842775,9.629323864145856e-2
"6","bench/./parrows-sudoku-parmap-mult sudoku17.16000.txt",81.55728178766753,32,1.160414316927082,1.214778820095433
