"","name","time","nCores","speedup","stddev"
"2","bench/./parrows-sudoku-parmap-mult sudoku17.1000.txt",3.566766104138052,2,1.8719807831076425,5.00810418781157e-3
"3","bench/./parrows-sudoku-parmap-mult sudoku17.1000.txt",1.9459331123517503,4,3.431216398140623,5.9779789274838745e-3
"4","bench/./parrows-sudoku-parmap-mult sudoku17.1000.txt",1.1105005063786157,8,6.012529995650183,7.89178927927518e-3
"5","bench/./parrows-sudoku-parmap-mult sudoku17.1000.txt",0.7395066708892468,16,9.028880830455853,9.108548704064188e-3
"6","bench/./parrows-sudoku-parmap-mult sudoku17.1000.txt",0.7317796179763029,32,9.12421915118489,2.9159673167073102e-2
