"","name","time","nCores","speedup","stddev"
"2","bench/./parrows-sudoku-parmap-mult sudoku17.16000.txt",82.44410372043723,2,1.211340685805151,0.3387951943622541
"3","bench/./parrows-sudoku-parmap-mult sudoku17.16000.txt",72.02518695411241,4,1.3865690790213672,0.30321633157738476
"4","bench/./parrows-sudoku-parmap-mult sudoku17.16000.txt",69.623838639347,8,1.4343922870817756,0.31093891354479747
"5","bench/./parrows-sudoku-parmap-mult sudoku17.16000.txt",71.1809866847933,16,1.4030136668875461,0.2770211782467408
"6","bench/./parrows-sudoku-parmap-mult sudoku17.16000.txt",81.72390448022087,32,1.2220157342760813,6.920769714344159e-2
