"","name","time","nCores","speedup","stddev"
"2","bench/./eden-sudoku sudoku17.1000.txt",3.3427139460295225,2,1.9643051267751777,1.0241477695580332e-2
"3","bench/./eden-sudoku sudoku17.1000.txt",1.895557374142917,4,3.4639469272184735,5.4165115832685035e-3
"4","bench/./eden-sudoku sudoku17.1000.txt",1.1643302594497589,8,5.639388041526722,8.493339632732928e-3
"5","bench/./eden-sudoku sudoku17.1000.txt",0.8463291528613818,16,7.758340970920239,1.3526920134005235e-2
