"","name","time","nCores","speedup","stddev"
"2","bench/./parmonad-sudoku sudoku17.1000.txt",3.5564835158747243,2,1.8513704678714398,7.892447961526675e-3
"3","bench/./parmonad-sudoku sudoku17.1000.txt",1.9648487963456391,4,3.351081550401289,1.5790643933637964e-3
"4","bench/./parmonad-sudoku sudoku17.1000.txt",1.1385186361409037,8,5.783276919454103,6.2172104936366775e-3
"5","bench/./parmonad-sudoku sudoku17.1000.txt",0.7450273588766795,16,8.837754039918321,3.3275754493339383e-3
