"","name","time","nCores","speedup","stddev"
"2","bench/./eden-sudoku sudoku17.16000.txt",48.80603809889404,2,1.9391091988310833,1.2124161588729383e-2
"3","bench/./eden-sudoku sudoku17.16000.txt",27.789852757387667,4,3.4055681497235195,0.1678580990491478
"4","bench/./eden-sudoku sudoku17.16000.txt",16.536415415368953,8,5.723141022939414,1.3227304791218579e-2
"5","bench/./eden-sudoku sudoku17.16000.txt",10.732755351054152,16,8.817888262660377,5.973853338578355e-2
