"","name","time","nCores","speedup","stddev"
"2","bench/./parrows-sudoku-parmap-mult sudoku17.1000.txt",3.6083071807452516,2,1.8247804914996542,1.8716624556574645e-2
"3","bench/./parrows-sudoku-parmap-mult sudoku17.1000.txt",1.9656568205037193,4,3.34970401856553,1.38547393824998e-2
"4","bench/./parrows-sudoku-parmap-mult sudoku17.1000.txt",1.1136668337148241,8,5.912332442188995,4.56513543091448e-3
"5","bench/./parrows-sudoku-parmap-mult sudoku17.1000.txt",0.7167330917438012,16,9.18663952677611,8.381988908240843e-4
