"","name","time","nCores","speedup","stddev"
"2","bench/./parrows-sudoku-parmap-par sudoku17.1000.txt",3.4137733648581943,2,1.9234171222732672,6.796383763922643e-3
"3","bench/./parrows-sudoku-parmap-par sudoku17.1000.txt",1.8797669975241327,4,3.4930446965911153,1.5512204397164586e-2
"4","bench/./parrows-sudoku-parmap-par sudoku17.1000.txt",1.091491298392942,8,6.015723763621656,3.5718584648403873e-3
"5","bench/./parrows-sudoku-parmap-par sudoku17.1000.txt",0.7257390225667395,16,9.047481170719122,4.569694694689811e-3
"6","bench/./parrows-sudoku-parmap-par sudoku17.1000.txt",0.7575151511104873,32,8.667958828154154,4.4825256395772055e-2
