"","name","time","nCores","speedup","stddev"
"2","bench/./parrows-sudoku-parmap-eden sudoku17.16000.txt",51.604690237855436,2,1.833946430059974,4.4078447296912064e-2
"3","bench/./parrows-sudoku-parmap-eden sudoku17.16000.txt",29.473362863844994,4,3.211043065335481,9.823763428496038e-2
"4","bench/./parrows-sudoku-parmap-eden sudoku17.16000.txt",17.386761845042837,8,5.443235392509202,1.6384378982373465e-2
"5","bench/./parrows-sudoku-parmap-eden sudoku17.16000.txt",11.190418963273892,16,8.457255956784804,5.5074464726055705e-2
