"","name","time","nCores","speedup","stddev"
"2","bench/./parrows-sudoku-parmap-par sudoku17.1000.txt",3.4199191553773858,2,1.8992260263872658,4.463882067658397e-3
"3","bench/./parrows-sudoku-parmap-par sudoku17.1000.txt",1.8810725526622483,4,3.452923417993924,4.1732266807551705e-3
"4","bench/./parrows-sudoku-parmap-par sudoku17.1000.txt",1.0953962915625721,8,5.929543050367413,3.3859227494405417e-3
"5","bench/./parrows-sudoku-parmap-par sudoku17.1000.txt",0.7270643960940225,16,8.933458305656243,8.72805639438072e-3
"6","bench/./parrows-sudoku-parmap-par sudoku17.1000.txt",0.7519009270547049,32,8.63837140549306,2.822864074404066e-2
