"","name","time","nCores","speedup","stddev"
"2","bench/./parrows-sudoku-parmap-eden sudoku17.1000.txt",3.5375826269335517,2,1.8561008558605212,4.034300744565704e-3
"3","bench/./parrows-sudoku-parmap-eden sudoku17.1000.txt",2.005788588953214,4,3.273580365194626,7.906181760176373e-3
"4","bench/./parrows-sudoku-parmap-eden sudoku17.1000.txt",1.2372422852190308,8,5.307052806044588,2.163448214500644e-3
"5","bench/./parrows-sudoku-parmap-eden sudoku17.1000.txt",0.8904710318426594,16,7.373749293047037,3.15901875751482e-2
"6","bench/./parrows-sudoku-parmap-eden sudoku17.1000.txt",0.6870437940736914,32,9.557047451948025,9.736930418790687e-3
