"","name","time","nCores","speedup","stddev"
"2","bench/./multicore-sudoku sudoku17.1000.txt",3.6012675242965564,2,1.8283475210712625,2.1451163889010357e-2
"3","bench/./multicore-sudoku sudoku17.1000.txt",1.9486164014218725,4,3.3789967825158143,3.597733760703627e-3
"4","bench/./multicore-sudoku sudoku17.1000.txt",1.1148565080690858,8,5.906023334039711,6.692934636117159e-3
"5","bench/./multicore-sudoku sudoku17.1000.txt",0.7471854089915894,16,8.812228493123811,1.8554577054043255e-3
