"","name","time","nCores","speedup","stddev"
"2","bench/./multicore-sudoku sudoku17.16000.txt",82.34951477535894,2,1.1492506992206895,0.8233886212800825
"3","bench/./multicore-sudoku sudoku17.16000.txt",72.58551024042067,4,1.3038447635429513,0.22417839380959623
"4","bench/./multicore-sudoku sudoku17.16000.txt",69.94771444525153,8,1.3530140074861374,7.792515437639552e-2
"5","bench/./multicore-sudoku sudoku17.16000.txt",71.07050732964855,16,1.3316386922228232,0.325441314727185
