"","name","time","nCores","speedup","stddev"
"2","bench/./parmonad-sudoku sudoku17.16000.txt",51.6797171853122,2,1.8383496536344397,7.530481882650897e-2
"3","bench/./parmonad-sudoku sudoku17.16000.txt",28.70081849905883,4,3.310197937060922,7.376952863856388e-2
"4","bench/./parmonad-sudoku sudoku17.16000.txt",16.918390828003833,8,5.615509840941177,8.602156691352075e-2
"5","bench/./parmonad-sudoku sudoku17.16000.txt",11.15933853255909,16,8.513532402512174,9.32215985459844e-2
