"","name","time","nCores","speedup","stddev"
"2","bench/./eden-sudoku sudoku17.16000.txt",48.8142342152748,2,1.9462640706102827,3.902368545143999e-2
"3","bench/./eden-sudoku sudoku17.16000.txt",27.807318636759632,4,3.4165606338596404,6.864888560192113e-2
"4","bench/./eden-sudoku sudoku17.16000.txt",16.548394789427864,8,5.741063794794151,2.1823075018053473e-2
"5","bench/./eden-sudoku sudoku17.16000.txt",10.750667138154654,16,8.837162286456214,4.3468715472425465e-2
