"","name","time","nCores","speedup","stddev"
"2","bench/./parmonad-sudoku sudoku17.1000.txt",3.5557164697749633,2,1.9092372463264506,4.7987100900498255e-3
"3","bench/./parmonad-sudoku sudoku17.1000.txt",1.9646716612439898,4,3.455389750556227,6.4614540090910996e-3
"4","bench/./parmonad-sudoku sudoku17.1000.txt",1.1403453138912603,8,5.953202278970481,2.1522523279183824e-3
"5","bench/./parmonad-sudoku sudoku17.1000.txt",0.7530905719170852,16,9.014461971272947,6.069838664856162e-3
"6","bench/./parmonad-sudoku sudoku17.1000.txt",0.7815609743970847,32,8.686086618779466,5.2557128438789215e-2
