"","name","time","nCores","speedup","stddev"
"2","bench/./eden-sudoku sudoku17.1000.txt",3.3403644576514906,2,1.9711527392407122,7.712255704127203e-3
"3","bench/./eden-sudoku sudoku17.1000.txt",1.9008299015308565,4,3.4639441148622767,9.199465942454547e-3
"4","bench/./eden-sudoku sudoku17.1000.txt",1.1701593464500515,8,5.626899080657052,1.2917229656086132e-2
"5","bench/./eden-sudoku sudoku17.1000.txt",0.8216404041742426,16,8.013686422078298,4.0912941628661006e-2
