"benchmark","vs","params","displayName","","worstName","worstTime","worstNCores","worstSpeedup","worstMaxstddev","worstFactor","worstFactorStdDev","worstOverhead","worstStdDevForOverhead","worstRuntimeX","worstRuntimeY","","bestName","bestTime","bestNCores","bestSpeedup","bestMaxstddev","bestFactor","bestFactorStdDev","bestOverhead","bestStdDevForOverhead","bestRuntimeX","bestRuntimeY","meanFactor","maxStdDevFactor","meanOverhead","maxStdDevForOverhead"
"Sudoku (Shared-Memory)","Eden CP","16000","Eden CP vs. PArrows 16000","3","bench/./eden-sudoku sudoku17.16000.txt-bench/./parrows-sudoku-parmap-eden sudoku17.16000.txt",-1.6835101064573266,4,0.1945250843880384,0.1678580990491478,1.06058,6.040265866630918e-3,5.712e-2,5.6952475977914115e-3,27.789852757387667,29.473362863844994,"5","bench/./eden-sudoku sudoku17.16000.txt-bench/./parrows-sudoku-parmap-eden sudoku17.16000.txt",-0.45766361221973995,16,0.3606323058755727,5.973853338578355e-2,1.04264,5.566001593422712e-3,4.09e-2,5.338364325932827e-3,10.732755351054152,11.190418963273892,1.053,0.00604,"\textit{0.05029}",0.0057
"Sudoku (Shared-Memory)","GpH","16000","GpH vs. PArrows 16000","3","bench/./multicore-sudoku sudoku17.16000.txt-bench/./parrows-sudoku-parmap-mult sudoku17.16000.txt",9.285745656626432e-4,4,-1.6680086282860884e-5,0.3899792227338572,0.99999,5.372686937684287e-3,-1.0e-5,5.372755670469199e-3,72.58551024042067,72.58458166585501,"2","bench/./multicore-sudoku sudoku17.16000.txt-bench/./parrows-sudoku-parmap-mult sudoku17.16000.txt",0.82243347552199,2,-1.15934758332632e-2,0.8233886212800825,0.99001,9.998706410428798e-3,-1.009e-2,1.0099571923246677e-2,82.34951477535894,81.52708129983695,0.99482,0.01,"\textbf{-0.00522}",0.0101
"Sudoku (Shared-Memory)","Par Monad ","16000","Par Monad vs. PArrows 16000","5","bench/./parmonad-sudoku sudoku17.16000.txt-bench/./parrows-sudoku-parmap-par sudoku17.16000.txt",0.27152156146864037,16,-0.21066992520534455,0.11210633866439516,0.97572,1.002658395982608e-2,-2.489e-2,1.0276133566011586e-2,11.180910578675267,10.909389017206626,"3","bench/./parmonad-sudoku sudoku17.16000.txt-bench/./parrows-sudoku-parmap-par sudoku17.16000.txt",1.221379517681065,4,-0.14645800937643116,2.2817498145106616e-2,0.95746,7.947335225448335e-4,-4.443e-2,8.300441414508806e-4,28.71087917877455,27.489499661093486,0.96392,0.01003,"\textbf{-0.03748}",0.01028
