"benchmark","vs","params","displayName","","worstName","worstTime","worstNCores","worstSpeedup","worstMaxstddev","worstFactor","worstFactorStdDev","worstOverhead","worstStdDevForOverhead","worstRuntimeX","worstRuntimeY","","bestName","bestTime","bestNCores","bestSpeedup","bestMaxstddev","bestFactor","bestFactorStdDev","bestOverhead","bestStdDevForOverhead","bestRuntimeX","bestRuntimeY","meanFactor","maxStdDevFactor","meanOverhead","maxStdDevForOverhead","runtimeMaxCores"
"Sudoku (Shared-Memory)","Eden CP","1000","Eden CP vs. PArrows 1000","4","bench/./eden-sudoku sudoku17.1000.txt-bench/./parrows-sudoku-parmap-eden sudoku17.1000.txt",1.637621762024022e-2,8,-7.986537640347269e-2,1.2917229656086132e-2,0.98601,1.1038863805406956e-2,-1.419e-2,1.1195543888032955e-2,1.1701593464500515,1.1537831288298113,"2","bench/./eden-sudoku sudoku17.1000.txt-bench/./parrows-sudoku-parmap-eden sudoku17.1000.txt",0.10213296612103795,2,-6.216963687210475e-2,7.712255704127203e-3,0.96942,2.308806659243841e-3,-3.154e-2,2.381625811588361e-3,3.3403644576514906,3.2382314915304526,0.97903,0.04979,"\textbf{-0.02147}",0.05057,1.17016
"Sudoku (Shared-Memory)","GpH","1000","GpH vs. PArrows 1000","3","bench/./multicore-sudoku sudoku17.1000.txt-bench/./parrows-sudoku-parmap-mult sudoku17.1000.txt",-1.7040419081846725e-2,4,2.929276395028424e-2,1.38547393824998e-2,1.00874,7.1100393963584784e-3,8.67e-3,7.048401958053585e-3,1.9486164014218725,1.9656568205037193,"5","bench/./multicore-sudoku sudoku17.1000.txt-bench/./parrows-sudoku-parmap-mult sudoku17.1000.txt",3.0452317247788185e-2,16,-0.374411033652299,1.8554577054043255e-3,0.95924,2.483262765942491e-3,-4.249e-2,2.5887708085167715e-3,0.7471854089915894,0.7167330917438012,0.99222,0.00711,"\textbf{-0.00823}",0.00705,1.11486
"Sudoku (Shared-Memory)","Par Monad ","1000","Par Monad vs. PArrows 1000","5","bench/./parmonad-sudoku sudoku17.1000.txt-bench/./parrows-sudoku-parmap-par sudoku17.1000.txt",-4.968114507695076e-3,16,5.854298541700231e-2,1.611224415196458e-2,1.00667,2.1626379165803972e-2,6.62e-3,2.1483121863732923e-2,0.7450273588766795,0.7499954733843746,"4","bench/./parmonad-sudoku sudoku17.1000.txt-bench/./parrows-sudoku-parmap-par sudoku17.1000.txt",2.1793455713325027e-2,8,-0.11286356897026284,7.0987795985597455e-3,0.98086,6.23510180089946e-3,-1.952e-2,6.356782960550528e-3,1.1385186361409037,1.1167251804275786,0.98775,0.02163,"\textbf{-0.01252}",0.02148,1.13852
