"benchmark","vs","params","displayName","","worstName","worstTime","worstNCores","worstSpeedup","worstMaxstddev","worstFactor","worstFactorStdDev","worstOverhead","worstStdDevForOverhead","worstRuntimeX","worstRuntimeY","","bestName","bestTime","bestNCores","bestSpeedup","bestMaxstddev","bestFactor","bestFactorStdDev","bestOverhead","bestStdDevForOverhead","bestRuntimeX","bestRuntimeY","meanFactor","maxStdDevFactor","meanOverhead","maxStdDevForOverhead","runtimeMaxCores"
"Sudoku (Shared-Memory)","Eden CP","16000","Eden CP vs. PArrows 16000","4","bench/./eden-sudoku sudoku17.16000.txt-bench/./parrows-sudoku-parmap-eden sudoku17.16000.txt",0.18700467163903767,8,-6.561824772070857e-2,0.17990492315474482,0.9887,1.0871442544365645e-2,-1.143e-2,1.0995699134338484e-2,16.548394789427864,16.361390117788826,"2","bench/./eden-sudoku sudoku17.16000.txt-bench/./parrows-sudoku-parmap-eden sudoku17.16000.txt",1.43031265555571,2,-5.8749171440755976e-2,3.902368545143999e-2,0.9707,7.99432503219088e-4,-3.019e-2,8.235638623168305e-4,48.8142342152748,47.38392155971909,0.97812,0.01087,"\textbf{-0.02242}",0.011,16.54839
"Sudoku (Shared-Memory)","GpH","16000","GpH vs. PArrows 16000","3","bench/./multicore-sudoku sudoku17.16000.txt-bench/./parrows-sudoku-parmap-mult sudoku17.16000.txt",-0.3700510568709774,4,6.628988012997716e-3,0.5660274164603903,1.00509,7.792190113584827e-3,5.07e-3,7.75269562857364e-3,72.64034991569106,73.01040097256204,"5","bench/./multicore-sudoku sudoku17.16000.txt-bench/./parrows-sudoku-parmap-mult sudoku17.16000.txt",0.3988867105088332,16,-7.5158300846132065e-3,0.4474075915071815,0.9944,6.283087484498881e-3,-5.63e-3,6.3184816808670675e-3,71.2082384036493,70.80935169314047,0.99745,0.00779,"\textbf{-0.00257}",0.00775,70.03857
"Sudoku (Shared-Memory)","Par Monad ","16000","Par Monad vs. PArrows 16000","2","bench/./parmonad-sudoku sudoku17.16000.txt-bench/./parrows-sudoku-parmap-par sudoku17.16000.txt",0.8210261057441457,2,-2.967699374642252e-2,7.530481882650897e-2,0.98411,1.457144561307917e-3,-1.614e-2,1.4806676543974583e-3,51.6797171853122,50.858691079568054,"4","bench/./parmonad-sudoku sudoku17.16000.txt-bench/./parrows-sudoku-parmap-par sudoku17.16000.txt",0.4895005944288471,8,-0.167314734354008,8.602156691352075e-2,0.97107,5.084500517102091e-3,-2.98e-2,5.235993770152675e-3,16.918390828003833,16.428890233574986,0.97785,0.00835,"\textbf{-0.02268}",0.00854,16.91839
