"","name","time","nCores","speedup","max stddev","factor","factorStdDev","overhead","stdDevForOverhead","runtimeX","runtimeY"
"2","bench/./eden-sudoku sudoku17.16000.txt-bench/./parrows-sudoku-parmap-eden sudoku17.16000.txt",1.43031265555571,2,-5.8749171440755976e-2,3.902368545143999e-2,0.9706988611303844,7.99432503219088e-4,-3.018561166899309e-2,8.235638623168305e-4,48.8142342152748,47.38392155971909
"3","bench/./eden-sudoku sudoku17.16000.txt-bench/./parrows-sudoku-parmap-eden sudoku17.16000.txt",0.6219640280016598,4,-7.816627166829981e-2,7.225291535680918e-2,0.9776330815593467,2.598341692006762e-3,-2.2878643186846247e-2,2.657788224455691e-3,27.807318636759632,27.185354608757972
"4","bench/./eden-sudoku sudoku17.16000.txt-bench/./parrows-sudoku-parmap-eden sudoku17.16000.txt",0.18700467163903767,8,-6.561824772070857e-2,0.17990492315474482,0.9886995280195692,1.0871442544365645e-2,-1.1429632219069083e-2,1.0995699134338484e-2,16.548394789427864,16.361390117788826
"5","bench/./eden-sudoku sudoku17.16000.txt-bench/./parrows-sudoku-parmap-eden sudoku17.16000.txt",0.2641235945953273,16,-0.22258078264068715,4.964737673644949e-2,0.9754318879748458,4.618074031912724e-3,-2.5186906772303248e-2,4.734389032022105e-3,10.750667138154654,10.486543543559327
