"","name","time","nCores","speedup","max stddev","factor","factorStdDev","overhead","stdDevForOverhead","runtimeX","runtimeY"
"2","bench/./eden-sudoku sudoku17.16000.txt-bench/./parrows-sudoku-parmap-eden sudoku17.16000.txt",-2.798652138961394,2,0.10516276877110942,4.4078447296912064e-2,1.057342334022085,9.031351245433481e-4,5.423251503035665e-2,8.541558353271079e-4,48.80603809889404,51.604690237855436
"3","bench/./eden-sudoku sudoku17.16000.txt-bench/./parrows-sudoku-parmap-eden sudoku17.16000.txt",-1.6835101064573266,4,0.1945250843880384,0.1678580990491478,1.060580029738005,6.040265866630918e-3,5.711971566442763e-2,5.6952475977914115e-3,27.789852757387667,29.473362863844994
"4","bench/./eden-sudoku sudoku17.16000.txt-bench/./parrows-sudoku-parmap-eden sudoku17.16000.txt",-0.8503464296738841,8,0.2799056304302123,1.6384378982373465e-2,1.051422657711149,9.908059619224258e-4,4.89076940981007e-2,9.423479270261494e-4,16.536415415368953,17.386761845042837
"5","bench/./eden-sudoku sudoku17.16000.txt-bench/./parrows-sudoku-parmap-eden sudoku17.16000.txt",-0.45766361221973995,16,0.3606323058755727,5.973853338578355e-2,1.0426417632052696,5.566001593422712e-3,4.089780853797854e-2,5.338364325932827e-3,10.732755351054152,11.190418963273892
