"","name","time","nCores","speedup","max stddev","factor","factorStdDev","overhead","stdDevForOverhead","runtimeX","runtimeY"
"2","bench/./eden-sudoku sudoku17.1000.txt-bench/./parrows-sudoku-parmap-eden sudoku17.1000.txt",-0.1948686809040292,2,0.10820427091465623,1.0241477695580332e-2,1.0582965470723256,3.0638211527926774e-3,5.50852662550939e-2,2.8950497488331043e-3,3.3427139460295225,3.5375826269335517
"3","bench/./eden-sudoku sudoku17.1000.txt-bench/./parrows-sudoku-parmap-eden sudoku17.1000.txt",-0.11023121481029707,4,0.1903665620238475,7.906181760176373e-3,1.0581524021978699,4.170900795736231e-3,5.495654697478602e-2,3.94168249022818e-3,1.895557374142917,2.005788588953214
"4","bench/./eden-sudoku sudoku17.1000.txt-bench/./parrows-sudoku-parmap-eden sudoku17.1000.txt",-7.291202576927192e-2,8,0.33233523548213384,8.493339632732928e-3,1.0626214299401002,7.294613846716243e-3,5.893108135757274e-2,6.864734364643332e-3,1.1643302594497589,1.2372422852190308
"5","bench/./eden-sudoku sudoku17.1000.txt-bench/./parrows-sudoku-parmap-eden sudoku17.1000.txt",-4.414187898127764e-2,16,0.3845916778732015,3.15901875751482e-2,1.052156869265388,3.732612479239774e-2,4.9571381216000326e-2,3.547581723099779e-2,0.8463291528613818,0.8904710318426594
