"","name","time","nCores","speedup","max stddev","factor","factorStdDev","overhead","stdDevForOverhead","runtimeX","runtimeY"
"2","bench/./eden-sudoku sudoku17.1000.txt-bench/./parrows-sudoku-parmap-eden sudoku17.1000.txt",0.10213296612103795,2,-6.216963687210475e-2,7.712255704127203e-3,0.9694246039868223,2.308806659243841e-3,-3.1539735929369234e-2,2.381625811588361e-3,3.3403644576514906,3.2382314915304526
"3","bench/./eden-sudoku sudoku17.1000.txt-bench/./parrows-sudoku-parmap-eden sudoku17.1000.txt",4.569919790244792e-2,4,-8.533062781964462e-2,1.429637182127137e-2,0.9759582917621175,7.5211210691485935e-3,-2.463395048826796e-2,7.706395993182269e-3,1.9008299015308565,1.8551307036284086
"4","bench/./eden-sudoku sudoku17.1000.txt-bench/./parrows-sudoku-parmap-eden sudoku17.1000.txt",1.637621762024022e-2,8,-7.986537640347269e-2,1.2917229656086132e-2,0.986005138812999,1.1038863805406956e-2,-1.4193497210216004e-2,1.1195543888032955e-2,1.1701593464500515,1.1537831288298113
"5","bench/./eden-sudoku sudoku17.1000.txt-bench/./parrows-sudoku-parmap-eden sudoku17.1000.txt",1.2556710797879345e-2,16,-0.12436975760444646,4.0912941628661006e-2,0.9847175105629099,4.9794218274573476e-2,-1.5519668608669279e-2,5.05670080408226e-2,0.8216404041742426,0.8090836933763632
