"","name","time","nCores","speedup","max stddev","factor","factorStdDev","overhead","stdDevForOverhead","runtimeX","runtimeY"
"2","bench/./multicore-sudoku sudoku17.1000.txt-bench/./parrows-sudoku-parmap-mult sudoku17.1000.txt",-7.039656448695197e-3,2,3.567029571608371e-3,2.1451163889010357e-2,1.0019547718688493,5.95655939034978e-3,1.9509581906608192e-3,5.944938392019019e-3,3.6012675242965564,3.6083071807452516
"3","bench/./multicore-sudoku sudoku17.1000.txt-bench/./parrows-sudoku-parmap-mult sudoku17.1000.txt",-1.7040419081846725e-2,4,2.929276395028424e-2,1.38547393824998e-2,1.0087448812754591,7.1100393963584784e-3,8.669071276378726e-3,7.048401958053585e-3,1.9486164014218725,1.9656568205037193
"4","bench/./multicore-sudoku sudoku17.1000.txt-bench/./parrows-sudoku-parmap-mult sudoku17.1000.txt",1.1896743542616495e-3,8,-6.309108149284093e-3,6.692934636117159e-3,0.9989328901561313,6.003404552671283e-3,-1.0682497837286662e-3,6.0098176882863105e-3,1.1148565080690858,1.1136668337148241
"5","bench/./multicore-sudoku sudoku17.1000.txt-bench/./parrows-sudoku-parmap-mult sudoku17.1000.txt",3.0452317247788185e-2,16,-0.374411033652299,1.8554577054043255e-3,0.9592439615638547,2.483262765942491e-3,-4.2487667443536256e-2,2.5887708085167715e-3,0.7471854089915894,0.7167330917438012
