"","name","time","nCores","speedup","max stddev","factor","factorStdDev","overhead","stdDevForOverhead","runtimeX","runtimeY"
"2","bench/./multicore-sudoku sudoku17.16000.txt-bench/./parrows-sudoku-parmap-mult sudoku17.16000.txt",0.82243347552199,2,-1.15934758332632e-2,0.8233886212800825,0.9900128922706405,9.998706410428798e-3,-1.00878562363502e-2,1.0099571923246677e-2,82.34951477535894,81.52708129983695
"3","bench/./multicore-sudoku sudoku17.16000.txt-bench/./parrows-sudoku-parmap-mult sudoku17.16000.txt",9.285745656626432e-4,4,-1.6680086282860884e-5,0.3899792227338572,0.9999872071634878,5.372686937684287e-3,-1.2793000170991686e-5,5.372755670469199e-3,72.58551024042067,72.58458166585501
"4","bench/./multicore-sudoku sudoku17.16000.txt-bench/./parrows-sudoku-parmap-mult sudoku17.16000.txt",0.5934952673534042,8,-1.1578349805166699e-2,0.15453792896866597,0.9915151585429152,2.2093349324462013e-3,-8.557450064156152e-3,2.2282412058056054e-3,69.94771444525153,69.35421917789813
"5","bench/./multicore-sudoku sudoku17.16000.txt-bench/./parrows-sudoku-parmap-mult sudoku17.16000.txt",0.1578311647113395,16,-2.9638436614543018e-3,0.325441314727185,0.9977792312079712,4.579133130676561e-3,-2.225711582852082e-3,4.5893249603249295e-3,71.07050732964855,70.91267616493721
