"","name","time","nCores","speedup","max stddev","factor","factorStdDev","overhead","stdDevForOverhead","runtimeX","runtimeY"
"2","bench/./multicore-sudoku sudoku17.1000.txt-bench/./parrows-sudoku-parmap-mult sudoku17.1000.txt",-1.2424573495704472e-2,2,6.333463066652278e-3,1.8591769705399604e-2,1.0034678396934833,5.1891742584784925e-3,3.4558553411562333e-3,5.1712412229011386e-3,3.582799262334054,3.5952238358297586
"3","bench/./multicore-sudoku sudoku17.1000.txt-bench/./parrows-sudoku-parmap-mult sudoku17.1000.txt",1.1177162653321693e-2,4,-1.923512404921901e-2,1.5523951092481654e-2,0.9942941985870425,7.924782417999602e-3,-5.738544407747584e-3,7.97025913382703e-3,1.9589119642227675,1.9477348015694458
"4","bench/./multicore-sudoku sudoku17.1000.txt-bench/./parrows-sudoku-parmap-mult sudoku17.1000.txt",6.857711110957787e-3,8,-3.625675467278011e-2,4.780421531987462e-3,0.9938652942326626,4.276423877892343e-3,-6.1725726845848605e-3,4.3028204151087275e-3,1.1178549340491282,1.1109972229381704
"5","bench/./multicore-sudoku sudoku17.1000.txt-bench/./parrows-sudoku-parmap-mult sudoku17.1000.txt",1.5798057960419e-2,16,-0.1973999009013614,1.487135122765134e-2,0.9784429666922192,2.0292507759459122e-2,-2.2031977377953666e-2,2.0739591831357474e-2,0.7328493552365024,0.7170512972760834
