"","name","time","nCores","speedup","max stddev","factor"
"2","bench/./multicore-sudoku sudoku17.16000.txt-bench/./parrows-sudoku-parmap-mult sudoku17.16000.txt",0.82243347552199,2,-1.15934758332632e-2,0.8233886212800825,0.9900128922706405
"3","bench/./multicore-sudoku sudoku17.16000.txt-bench/./parrows-sudoku-parmap-mult sudoku17.16000.txt",9.285745656626432e-4,4,-1.6680086282860884e-5,0.3899792227338572,0.9999872071634878
"4","bench/./multicore-sudoku sudoku17.16000.txt-bench/./parrows-sudoku-parmap-mult sudoku17.16000.txt",0.5934952673534042,8,-1.1578349805166699e-2,0.15453792896866597,0.9915151585429152
"5","bench/./multicore-sudoku sudoku17.16000.txt-bench/./parrows-sudoku-parmap-mult sudoku17.16000.txt",0.1578311647113395,16,-2.9638436614543018e-3,0.325441314727185,0.9977792312079712
