"","name","time","nCores","speedup","max stddev","factor","factorStdDev","overhead","stdDevForOverhead","runtimeX","runtimeY"
"2","bench/./multicore-sudoku sudoku17.16000.txt-bench/./parrows-sudoku-parmap-mult sudoku17.16000.txt",0.36816413400488557,2,-5.141998132004444e-3,0.5627852773926554,0.9955460713587367,6.808391242768908e-3,-4.473854871612837e-3,6.838850997098216e-3,82.66053717027225,82.29237303626736
"3","bench/./multicore-sudoku sudoku17.16000.txt-bench/./parrows-sudoku-parmap-mult sudoku17.16000.txt",-0.3700510568709774,4,6.628988012997716e-3,0.5660274164603903,1.0050942906704121,7.792190113584827e-3,5.068470408894835e-3,7.75269562857364e-3,72.64034991569106,73.01040097256204
"4","bench/./multicore-sudoku sudoku17.16000.txt-bench/./parrows-sudoku-parmap-mult sudoku17.16000.txt",0.3655359572213541,8,-7.116662961484943e-3,0.1666064965821901,0.9947809332092351,2.3787822135135344e-3,-5.2464483551447425e-3,2.39126237154487e-3,70.03856663956941,69.67303068234806
"5","bench/./multicore-sudoku sudoku17.16000.txt-bench/./parrows-sudoku-parmap-mult sudoku17.16000.txt",0.3988867105088332,16,-7.5158300846132065e-3,0.4474075915071815,0.994398306720527,6.283087484498881e-3,-5.633249012608523e-3,6.3184816808670675e-3,71.2082384036493,70.80935169314047
