"","name","time","nCores","speedup","max stddev","factor","factorStdDev","overhead","stdDevForOverhead","runtimeX","runtimeY"
"2","bench/./parmonad-sudoku sudoku17.16000.txt-bench/./parrows-sudoku-parmap-par sudoku17.16000.txt",1.936288406865465,2,-7.069167124669407e-2,6.678837212385214e-2,0.9626858518772522,1.2870764507344242e-3,-3.876046173316517e-2,1.3369641282507739e-3,51.89153455938203,49.955246152516565
"3","bench/./parmonad-sudoku sudoku17.16000.txt-bench/./parrows-sudoku-parmap-par sudoku17.16000.txt",1.221379517681065,4,-0.14645800937643116,2.2817498145106616e-2,0.9574593480723499,7.947335225448335e-4,-4.443076566466981e-2,8.300441414508806e-4,28.71087917877455,27.489499661093486
"4","bench/./parmonad-sudoku sudoku17.16000.txt-bench/./parrows-sudoku-parmap-par sudoku17.16000.txt",0.6777939347343285,8,-0.2346831932357496,5.551530692769531e-2,0.959834778714071,3.289767690796982e-3,-4.184597409539588e-2,3.427431224365943e-3,16.875145039267537,16.197351104533208
"5","bench/./parmonad-sudoku sudoku17.16000.txt-bench/./parrows-sudoku-parmap-par sudoku17.16000.txt",0.27152156146864037,16,-0.21066992520534455,0.11210633866439516,0.9757156128243706,1.002658395982608e-2,-2.4888796342342194e-2,1.0276133566011586e-2,11.180910578675267,10.909389017206626
