"","name","time","nCores","speedup","max stddev","factor","factorStdDev","overhead","stdDevForOverhead","runtimeX","runtimeY"
"2","bench/./parmonad-sudoku sudoku17.16000.txt-bench/./parrows-sudoku-parmap-par sudoku17.16000.txt",0.8210261057441457,2,-2.967699374642252e-2,7.530481882650897e-2,0.9841131850083443,1.457144561307917e-3,-1.6143280299126383e-2,1.4806676543974583e-3,51.6797171853122,50.858691079568054
"3","bench/./parmonad-sudoku sudoku17.16000.txt-bench/./parrows-sudoku-parmap-par sudoku17.16000.txt",0.6433199007684962,4,-7.589829153636218e-2,7.376952863856388e-2,0.9775853116945221,2.5702935489795515e-3,-2.2928626317660995e-2,2.6292268492907984e-3,28.70081849905883,28.057498598290334
"4","bench/./parmonad-sudoku sudoku17.16000.txt-bench/./parrows-sudoku-parmap-par sudoku17.16000.txt",0.4895005944288471,8,-0.167314734354008,8.602156691352075e-2,0.9710669531514421,5.084500517102091e-3,-2.9795110166874004e-2,5.235993770152675e-3,16.918390828003833,16.428890233574986
"5","bench/./parmonad-sudoku sudoku17.16000.txt-bench/./parrows-sudoku-parmap-par sudoku17.16000.txt",0.23859020570913891,16,-0.18599874170094566,9.32215985459844e-2,0.9786196820704905,8.353684967437453e-3,-2.184742277436581e-2,8.536191454644923e-3,11.15933853255909,10.920748326849951
