"","name","time","nCores","speedup","max stddev","factor","factorStdDev","overhead","stdDevForOverhead","runtimeX","runtimeY"
"2","bench/./parmonad-sudoku sudoku17.1000.txt-bench/./parrows-sudoku-parmap-par sudoku17.1000.txt",6.791500498851111e-2,2,-3.604224316326521e-2,7.892447961526675e-3,0.9809038887189085,2.2191718101034165e-3,-1.946787192987029e-2,2.262374362692888e-3,3.5564835158747243,3.4885685108862132
"3","bench/./parmonad-sudoku sudoku17.1000.txt-bench/./parrows-sudoku-parmap-par sudoku17.1000.txt",3.422733603252315e-2,4,-5.941019337854625e-2,6.902168295652256e-3,0.9825801679517623,3.512824146310588e-3,-1.7728662369148232e-2,3.57510181956272e-3,1.9648487963456391,1.930621460313116
"4","bench/./parmonad-sudoku sudoku17.1000.txt-bench/./parrows-sudoku-parmap-par sudoku17.1000.txt",2.1793455713325027e-2,8,-0.11286356897026284,7.0987795985597455e-3,0.9808580597440235,6.23510180089946e-3,-1.9515504884541617e-2,6.356782960550528e-3,1.1385186361409037,1.1167251804275786
"5","bench/./parmonad-sudoku sudoku17.1000.txt-bench/./parrows-sudoku-parmap-par sudoku17.1000.txt",-4.968114507695076e-3,16,5.854298541700231e-2,1.611224415196458e-2,1.006668365192905,2.1626379165803972e-2,6.624192657158752e-3,2.1483121863732923e-2,0.7450273588766795,0.7499954733843746
