"","name","time","nCores","speedup","max stddev","factor"
"2","bench/./parmonad-sudoku sudoku17.16000.txt-bench/./parrows-sudoku-parmap-par sudoku17.16000.txt",1.936288406865465,2,-7.069167124669407e-2,6.678837212385214e-2,0.9626858518772522
"3","bench/./parmonad-sudoku sudoku17.16000.txt-bench/./parrows-sudoku-parmap-par sudoku17.16000.txt",1.221379517681065,4,-0.14645800937643116,2.2817498145106616e-2,0.9574593480723499
"4","bench/./parmonad-sudoku sudoku17.16000.txt-bench/./parrows-sudoku-parmap-par sudoku17.16000.txt",0.6777939347343285,8,-0.2346831932357496,5.551530692769531e-2,0.959834778714071
"5","bench/./parmonad-sudoku sudoku17.16000.txt-bench/./parrows-sudoku-parmap-par sudoku17.16000.txt",0.27152156146864037,16,-0.21066992520534455,0.11210633866439516,0.9757156128243706
