"","name","time","nCores","speedup","max stddev","factor","factorStdDev","overhead","stdDevForOverhead"
"2","bench/./parmonad-sudoku sudoku17.1000.txt-bench/./parrows-sudoku-parmap-par sudoku17.1000.txt",0.14461486310594607,2,-7.816873427336013e-2,1.4433615064484874e-2,0.9593594476371443,4.056222688422835e-3,-4.2362174535260415e-2,4.228053101903687e-3
"3","bench/./parmonad-sudoku sudoku17.1000.txt-bench/./parrows-sudoku-parmap-par sudoku17.1000.txt",9.16297991449635e-2,4,-0.16235543473227398,1.5512204397164586e-2,0.9535203672341445,7.868636300603844e-3,-4.874529623386855e-2,8.252195308033351e-3
"4","bench/./parmonad-sudoku sudoku17.1000.txt-bench/./parrows-sudoku-parmap-par sudoku17.1000.txt",4.8995137835542435e-2,8,-0.25843465175603697,3.5718584648403873e-3,0.9570401398217709,3.131872814421445e-3,-4.488825326200994e-2,3.272457114499599e-3
"5","bench/./parmonad-sudoku sudoku17.1000.txt-bench/./parrows-sudoku-parmap-par sudoku17.1000.txt",2.5024930843048576e-2,16,-0.301576267177877,1.2767611587738788e-2,0.9666673783026057,1.7006159565535063e-2,-3.448199706079228e-2,1.7592565909689207e-2
