"","name","time","nCores","speedup","max stddev","factor""4","bench/./eden-sudoku sudoku17.1000.txt-bench/./parrows-sudoku-parmap-eden sudoku17.1000.txt",-7.291202576927192e-2,8,0.33233523548213384,8.493339632732928e-3,1.0626214299401002
"3","bench/./eden-sudoku sudoku17.16000.txt-bench/./parrows-sudoku-parmap-eden sudoku17.16000.txt",-1.6835101064573266,4,0.1945250843880384,0.1678580990491478,1.060580029738005
"2","bench/./multicore-sudoku sudoku17.1000.txt-bench/./parrows-sudoku-parmap-mult sudoku17.1000.txt",-1.2424573495704472e-2,2,6.333463066652278e-3,1.8591769705399604e-2,1.0034678396934833
"3","bench/./multicore-sudoku sudoku17.16000.txt-bench/./parrows-sudoku-parmap-mult sudoku17.16000.txt",9.285745656626432e-4,4,-1.6680086282860884e-5,0.3899792227338572,0.9999872071634878
"5","bench/./parmonad-sudoku sudoku17.1000.txt-bench/./parrows-sudoku-parmap-par sudoku17.1000.txt",2.5024930843048576e-2,16,-0.301576267177877,1.2767611587738788e-2,0.9666673783026057
"5","bench/./parmonad-sudoku sudoku17.16000.txt-bench/./parrows-sudoku-parmap-par sudoku17.16000.txt",0.27152156146864037,16,-0.21066992520534455,0.11210633866439516,0.9757156128243706
