"","name","time","nCores","speedup","max stddev"
"2","bench/./skelrm-eden 11213 256-bench/./skelrm-parrows 11213 256",3.300397686848555e-2,16,-2.4438573313695144e-2,0.1566073470036866
"3","bench/./skelrm-eden 11213 256-bench/./skelrm-parrows 11213 256",3.8381739782121116e-2,32,-8.450829733331489e-2,0.11528441549270274
"4","bench/./skelrm-eden 11213 256-bench/./skelrm-parrows 11213 256",7.537911099135286e-2,64,-0.4597044490801494,0.12745571143533305
"5","bench/./skelrm-eden 11213 256-bench/./skelrm-parrows 11213 256",-6.682666624222122e-3,128,9.343497013398405e-2,9.732736001670281e-2
"6","bench/./skelrm-eden 11213 256-bench/./skelrm-parrows 11213 256",6.7621255703640415e-3,256,-0.123983293032083,5.0980409601594535e-2
"7","bench/./skelrm-eden 11213 256-bench/./skelrm-parrows 11213 256",2.309867103080787e-2,512,-0.26707579438308215,3.8863443637730394e-2
