"","name","time","nCores","speedup"
"2","bench/./skelrm-eden 11213 256-bench/./skelrm-parrows 11213 256",3.300397686848555e-2,16,-2.4438573313695144e-2
"3","bench/./skelrm-eden 11213 256-bench/./skelrm-parrows 11213 256",3.8381739782121116e-2,32,-8.450829733331489e-2
"4","bench/./skelrm-eden 11213 256-bench/./skelrm-parrows 11213 256",7.537911099135286e-2,64,-0.4597044490801494
"5","bench/./skelrm-eden 11213 256-bench/./skelrm-parrows 11213 256",-6.682666624222122e-3,128,9.343497013398405e-2
"6","bench/./skelrm-eden 11213 256-bench/./skelrm-parrows 11213 256",6.7621255703640415e-3,256,-0.123983293032083
"7","bench/./skelrm-eden 11213 256-bench/./skelrm-parrows 11213 256",2.309867103080787e-2,512,-0.26707579438308215
