"","name","time","nCores","speedup","max stddev","factor"
"2","bench/./skelrm-eden 44497 256-bench/./skelrm-parrows 44497 256",-0.6894443530796366,192,0.8906066370807082,0.919200912427753,1.0079474162755333
"3","bench/./skelrm-eden 44497 256-bench/./skelrm-parrows 44497 256",1.2271265756959338,16,-3.09249556343687e-2,1.4846195207397226,0.9980339872076445
"4","bench/./skelrm-eden 44497 256-bench/./skelrm-parrows 44497 256",1.2888863727243347,32,-0.12724299108752746,3.2365207137765886,0.99591727306982
"5","bench/./skelrm-eden 44497 256-bench/./skelrm-parrows 44497 256",-0.47148640298593136,64,0.1701619140091708,0.7885880516539435,1.0028655076022388
"6","bench/./skelrm-eden 44497 256-bench/./skelrm-parrows 44497 256",0.206830613729025,128,-0.27045950195650903,0.8482651568769055,0.997613540051237
"7","bench/./skelrm-eden 44497 256-bench/./skelrm-parrows 44497 256",0.2569945349047629,256,-1.193177738793679,0.3574990100892971,0.9944215412359164
