"","name","time","nCores","speedup","max stddev","factor","factorStdDev","overhead","stdDevForOverhead"
"2","bench/./skelrm-eden 44497 256-bench/./skelrm-parrows 44497 256",-0.6894443530796366,192,0.8906066370807082,0.919200912427753,1.0079474162755333,1.0595883858185244e-2,7.884752862306957e-3,1.0512337932605746e-2
"3","bench/./skelrm-eden 44497 256-bench/./skelrm-parrows 44497 256",1.2271265756959338,16,-3.09249556343687e-2,1.4846195207397226,0.9980339872076445,2.378549228224199e-3,-1.9698856126694727e-3,2.3832346981279037e-3
"4","bench/./skelrm-eden 44497 256-bench/./skelrm-parrows 44497 256",1.2888863727243347,32,-0.12724299108752746,3.2365207137765886,0.99591727306982,1.025212971279273e-2,-4.099463921933293e-3,1.0294157948673305e-2
"5","bench/./skelrm-eden 44497 256-bench/./skelrm-parrows 44497 256",-0.47148640298593136,64,0.1701619140091708,0.7885880516539435,1.0028655076022388,4.792725819320315e-3,2.857319930256719e-3,4.779031468316515e-3
"6","bench/./skelrm-eden 44497 256-bench/./skelrm-parrows 44497 256",0.206830613729025,128,-0.27045950195650903,0.8482651568769055,0.997613540051237,9.787481583698328e-3,-2.3921687637082204e-3,9.810894891418221e-3
"7","bench/./skelrm-eden 44497 256-bench/./skelrm-parrows 44497 256",0.2569945349047629,256,-1.193177738793679,0.3574990100892971,0.9944215412359164,7.760061850042434e-3,-5.609752537289579e-3,7.803593876695234e-3
