"","name","time","nCores","speedup","max stddev"
"2","bench/./skelrm-eden 44497 256-bench/./skelrm-parrows 44497 256",0.8629152212912459,16,-2.173795047360194e-2,1.5441374541180461
"3","bench/./skelrm-eden 44497 256-bench/./skelrm-parrows 44497 256",0.8669623755332054,32,-8.62578765000066e-2,0.750723786564039
"4","bench/./skelrm-eden 44497 256-bench/./skelrm-parrows 44497 256",4.049677970922971e-2,64,-1.452467038693328e-2,0.9038756530879886
"5","bench/./skelrm-eden 44497 256-bench/./skelrm-parrows 44497 256",0.4142376554923146,128,-0.5396672546598609,0.2695563792578782
"6","bench/./skelrm-eden 44497 256-bench/./skelrm-parrows 44497 256",0.12412272041869699,192,-0.16043140284642732,0.6606877511191345
"7","bench/./skelrm-eden 44497 256-bench/./skelrm-parrows 44497 256",-7.436035625222104e-2,256,0.35001208999221944,0.1684908422943611
