"","name","time","nCores","speedup"
"2","bench/./skelrm-eden 44497 256-bench/./skelrm-parrows 44497 256",-0.22036559201984574,32,2.1887835686371204e-2
"3","bench/./skelrm-eden 44497 256-bench/./skelrm-parrows 44497 256",0.4945627689465084,64,-0.17671771826604044
"4","bench/./skelrm-eden 44497 256-bench/./skelrm-parrows 44497 256",-0.25624758113795565,128,0.33174121494904796
"5","bench/./skelrm-eden 44497 256-bench/./skelrm-parrows 44497 256",9.62886632296005e-2,256,-0.446139459874729
"6","bench/./skelrm-eden 44497 256-bench/./skelrm-parrows 44497 256",0.2595984859185023,512,-0.4085313643529389
