"","name","time","nCores","speedup","max stddev","factor","factorStdDev","overhead","stdDevForOverhead","runtimeX","runtimeY"
"2","bench/./skelrm-eden 44497 256-bench/./skelrm-parrows 44497 256",-1.1532567125848345,16,2.900372689625108e-2,1.9262261477877116,1.0018502655150763,3.09040457046337e-3,1.8468483552529307e-3,3.0846970618653435e-3,623.2925508192918,624.4458075318767
"3","bench/./skelrm-eden 44497 256-bench/./skelrm-parrows 44497 256",0.7747335685417056,32,-7.652038708595654e-2,1.3186855867579454,0.9975420495784568,4.183714150860482e-3,-2.4640068281651275e-3,4.194022851095294e-3,315.19495338531334,314.42021981677163
"4","bench/./skelrm-eden 44497 256-bench/./skelrm-parrows 44497 256",0.5684466300946269,64,-0.20537525064838746,0.5373651744110652,0.996552440846076,3.259053933933018e-3,-3.459485936331721e-3,3.270328585183206e-3,164.88379305910237,164.31534642900775
"5","bench/./skelrm-eden 44497 256-bench/./skelrm-parrows 44497 256",0.1410045183988018,128,-0.1838469757809662,0.506191410552225,0.9983739491350496,5.837351811882638e-3,-1.6286992127139295e-3,5.8468591021829846e-3,86.71593333158557,86.57492881318677
"6","bench/./skelrm-eden 44497 256-bench/./skelrm-parrows 44497 256",-0.2543358287463491,192,0.3315338425749843,0.6898809179690073,1.0029393261800155,7.972864276632251e-3,2.930711861913689e-3,7.949498108723297e-3,86.52861682231143,86.78295265105778
"7","bench/./skelrm-eden 44497 256-bench/./skelrm-parrows 44497 256",1.2624170565977693,256,-5.716918551932167,1.3433314464267978,0.9732126928026436,2.8504234741791114e-2,-2.7524617584070713e-2,2.9288802902585495e-2,47.12743417234387,45.8650171157461
