"","name","time","nCores","speedup","max stddev"
"2","bench/./skelrm-eden 9941 256-bench/./skelrm-parrows 9941 256",-5.337952964707604e-2,16,5.130536852612089e-2,0.13368289593123198
"3","bench/./skelrm-eden 9941 256-bench/./skelrm-parrows 9941 256",0.11269846324863941,32,-0.30061087517782425,0.12937157820559358
"4","bench/./skelrm-eden 9941 256-bench/./skelrm-parrows 9941 256",6.929118146490687e-2,64,-0.48907945210950743,9.560180896784955e-2
"5","bench/./skelrm-eden 9941 256-bench/./skelrm-parrows 9941 256",2.2985999960686954e-2,128,-0.3343353680276451,7.179314857176844e-2
"6","bench/./skelrm-eden 9941 256-bench/./skelrm-parrows 9941 256",2.3394531012096653e-2,256,-0.39277313234585165,4.118843044768207e-2
"7","bench/./skelrm-eden 9941 256-bench/./skelrm-parrows 9941 256",7.77562779764116e-2,512,-0.8692106142166907,4.822969977532349e-2
