"","name","time","nCores","speedup","stddev"
"2","bench/./skelrm-parrows 44497 256",624.4458075318767,16,15.67544044891097,1.9262261477877116
"3","bench/./skelrm-parrows 44497 256",314.42021981677163,32,31.131786229404334,0.4281387506322265
"4","bench/./skelrm-parrows 44497 256",164.31534642900775,64,59.57120428655244,0.1947829372111388
"5","bench/./skelrm-parrows 44497 256",86.57492881318677,128,113.06348389450956,0.27194934671265436
"6","bench/./skelrm-parrows 44497 256",86.78295265105778,192,112.79246407870112,0.6898809179690073
"7","bench/./skelrm-parrows 44497 256",45.8650171157461,256,213.41893419194952,0.3788835142378415
