"","name","time","nCores","speedup"
"1","bench/./skelrm-eden 9941 256",223.41963294679863,1,1.0
"2","bench/./skelrm-eden 9941 256",15.219709828873413,16,14.67962500329328
"3","bench/./skelrm-eden 9941 256",9.20855027792232,32,24.262193961459012
"4","bench/./skelrm-eden 9941 256",5.660884578610346,64,39.46726520286066
"5","bench/./skelrm-eden 9941 256",3.9307439695015995,128,56.839019452881644
"6","bench/./skelrm-eden 9941 256",3.659649853724641,256,61.049456061871965
"7","bench/./skelrm-eden 9941 256",4.509647953205646,512,49.542588526889915
