"","name","time","nCores","speedup","stddev"
"2","bench/./skelrm-eden 9941 256",15.219709828873413,16,14.67962500329328,0.13111321533801296
"3","bench/./skelrm-eden 9941 256",9.20855027792232,32,24.262193961459012,0.10977082357420773
"4","bench/./skelrm-eden 9941 256",5.660884578610346,64,39.46726520286066,9.560180896784955e-2
"5","bench/./skelrm-eden 9941 256",3.9307439695015995,128,56.839019452881644,5.158746630698771e-2
"6","bench/./skelrm-eden 9941 256",3.659649853724641,256,61.049456061871965,4.118843044768207e-2
"7","bench/./skelrm-eden 9941 256",4.509647953205646,512,49.542588526889915,4.822969977532349e-2
