"","name","time","nCores","speedup","stddev"
"2","bench/./skelrm-eden 44497 256",86.75075385218355,192,112.95301864669067,0.5511240961825155
"3","bench/./skelrm-eden 44497 256",624.1701887533035,16,15.698858571012297,1.2080360794267504
"4","bench/./skelrm-eden 44497 256",315.6925248163822,32,31.03893423887519,3.2365207137765886
"5","bench/./skelrm-eden 44497 256",164.53852804911295,64,59.55297907220452,0.4056203844060005
"6","bench/./skelrm-eden 44497 256",86.66837833848341,128,113.06037686791714,0.8482651568769055
"7","bench/./skelrm-eden 44497 256",46.06909287550874,256,212.697036252897,0.3574990100892971
