"","name","time","nCores","speedup"
"2","bench/./skelrm-eden 44497 256",313.79475741961295,32,31.189585236587448
"3","bench/./skelrm-eden 44497 256",165.74758247341492,64,59.04839266601735
"4","bench/./skelrm-eden 44497 256",86.81961357431639,128,112.72946204667973
"5","bench/./skelrm-eden 44497 256",46.0081570230213,256,212.72593745574449
"6","bench/./skelrm-eden 44497 256",78.99158464825967,512,123.90089877186591
