"","name","time","nCores","speedup","stddev"
"2","bench/./skelrm-eden 11213 256",20.1831263337292,16,14.920633487907802,0.1566073470036866
"3","bench/./skelrm-eden 11213 256",11.714214072434329,32,25.70765983988312,7.35487442340668e-2
"4","bench/./skelrm-eden 11213 256",7.064856144364427,64,42.62578381103123,0.12745571143533305
"5","bench/./skelrm-eden 11213 256",4.637621982971448,128,64.93522580569667,8.844886659139746e-2
"6","bench/./skelrm-eden 11213 256",4.056114445095341,256,74.2447075254148,5.0980409601594535e-2
"7","bench/./skelrm-eden 11213 256",5.11501497458251,512,58.874711445061465,1.646590168309382e-2
