"","name","time","nCores","speedup","stddev"
"2","bench/./skelrm-eden 44497 256",623.7391877437591,16,15.69105890033318,1.5441374541180461
"3","bench/./skelrm-eden 44497 256",314.07157107404964,32,31.162095632736392,0.750723786564039
"4","bench/./skelrm-eden 44497 256",165.21062632778055,64,59.24030766589723,0.9038756530879886
"5","bench/./skelrm-eden 44497 256",86.88147720894897,128,112.64919345000739,0.2695563792578782
"6","bench/./skelrm-eden 44497 256",87.07998258251712,192,112.39240113603609,0.48461004008768865
"7","bench/./skelrm-eden 44497 256",45.56199571856209,256,214.8090350077882,0.1558653540526453
