"","name","time","nCores","speedup","stddev"
"2","bench/./skelrm-parrows 44497 256",87.44019820526319,192,112.06241200960996,0.919200912427753
"3","bench/./skelrm-parrows 44497 256",622.9430621776075,16,15.729783526646665,1.4846195207397226
"4","bench/./skelrm-parrows 44497 256",314.4036384436579,32,31.166177229962717,0.8122733631374598
"5","bench/./skelrm-parrows 44497 256",165.0100144520989,64,59.38281715819535,0.7885880516539435
"6","bench/./skelrm-parrows 44497 256",86.46154772475438,128,113.33083636987365,0.5733324081380599
"7","bench/./skelrm-parrows 44497 256",45.812098340603974,256,213.89021399169067,0.3175038218425626
"8","bench/./skelrm-parrows 44497 256",79.02578751655578,512,123.99445580251049,0.1164217134400974
