"","name","time","nCores","speedup","stddev"
"2","bench/./skelrm-parrows 44497 256",622.8762725224678,16,15.712796850806782,0.7608362910366453
"3","bench/./skelrm-parrows 44497 256",313.20460869851644,32,31.2483535092364,0.20892748439664816
"4","bench/./skelrm-parrows 44497 256",165.17012954807132,64,59.25483233628416,0.8890007374255964
"5","bench/./skelrm-parrows 44497 256",86.46723955345665,128,113.18886070466725,6.191605116780762e-2
"6","bench/./skelrm-parrows 44497 256",86.95585986209842,192,112.55283253888251,0.6606877511191345
"7","bench/./skelrm-parrows 44497 256",45.63635607481431,256,214.45902291779598,0.1684908422943611
"8","bench/./skelrm-parrows 44497 256",79.08122738889124,512,123.76045057070175,0.23254774555583985
