"","name","time","nCores","speedup","stddev"
"2","bench/./skelrm-parrows 44497 256",314.0151230116328,32,31.167697400901076,0.3882830295957868
"3","bench/./skelrm-parrows 44497 256",165.25301970446841,64,59.22511038428339,0.25962549054155626
"4","bench/./skelrm-parrows 44497 256",87.07586115545435,128,112.39772083173068,0.38296998388166253
"5","bench/./skelrm-parrows 44497 256",45.9118683597917,256,213.17207691561921,0.2480403002578651
