"","name","time","nCores","speedup","stddev"
"2","bench/./skelrm-eden 44497 256",623.2925508192918,16,15.704444175807222,1.7698719107160212
"3","bench/./skelrm-eden 44497 256",315.19495338531334,32,31.055265842318377,1.3186855867579454
"4","bench/./skelrm-eden 44497 256",164.88379305910237,64,59.36582903590405,0.5373651744110652
"5","bench/./skelrm-eden 44497 256",86.71593333158557,128,112.8796369187286,0.506191410552225
"6","bench/./skelrm-eden 44497 256",86.52861682231143,192,113.1239979212761,0.17677012036668668
"7","bench/./skelrm-eden 44497 256",47.12743417234387,256,207.70201564001735,1.3433314464267978
