"","name","time","nCores","speedup"
"1","bench/./skelrm-parrows 44497 256",9787.1283333333,1,1.0
"2","bench/./skelrm-parrows 44497 256",622.356488596426,16,15.725919971374916
"3","bench/./skelrm-parrows 44497 256",314.0151230116328,32,31.167697400901076
"4","bench/./skelrm-parrows 44497 256",165.25301970446841,64,59.22511038428339
"5","bench/./skelrm-parrows 44497 256",87.07586115545435,128,112.39772083173068
"6","bench/./skelrm-parrows 44497 256",45.9118683597917,256,213.17207691561921
"7","bench/./skelrm-parrows 44497 256",78.73198616234117,512,124.30943013621885
