"","name","time","nCores","speedup"
"2","bench/./skelrm-parrows 11213 256",20.150122356860713,16,14.945072061221497
"3","bench/./skelrm-parrows 11213 256",11.675832332652208,32,25.792168137216436
"4","bench/./skelrm-parrows 11213 256",6.989477033373074,64,43.08548826011138
"5","bench/./skelrm-parrows 11213 256",4.64430464959567,128,64.84179083556269
"6","bench/./skelrm-parrows 11213 256",4.049352319524977,256,74.36869081844688
"7","bench/./skelrm-parrows 11213 256",5.091916303551702,512,59.14178723944455
