Name,Mean,MeanLB,MeanUB,Stddev,StddevLB,StddevUB
Name,Mean,MeanLB,MeanUB,Stddev,StddevLB,StddevUB
"bench/./skelrm-seq 4423 32",3.390999771756651,3.38920443100228,3.3947296346966853,6.11343845202031e-3,2.6461108072433092e-3,1.0820134167444675e-2
"bench/./skelrm-seq 4423 64",6.771628152648964,6.770576675653865,6.773492005698788,2.85634996343732e-3,1.6630724234461885e-3,4.824749938135531e-3
"bench/./skelrm-seq 9941 32",27.9219370637292,27.916723193058207,27.92696593098508,7.4280946944398655e-3,5.083894844471822e-3,1.0627913569795163e-2
"bench/./skelrm-seq 9941 64",55.83923444117928,55.82273282450062,55.862236933197906,2.2362623542638984e-2,6.667160892458668e-3,3.041027705396219e-2
"bench/./skelrm-seq 11213 32",37.63866796768438,37.63277100458809,37.645846176472205,7.90165407509432e-3,4.609786540083207e-3,1.0619170773362767e-2
"bench/./skelrm-seq 11213 64",75.2700267331865,75.25499014458747,75.28217347672339,1.903620573036621e-2,0.0,2.1038776952399755e-2
