"","name","time","nCores","speedup"
"2","bench/./skelrm-eden 11213 256",20.1831263337292,16,14.920633487907802
"3","bench/./skelrm-eden 11213 256",11.714214072434329,32,25.70765983988312
"4","bench/./skelrm-eden 11213 256",7.064856144364427,64,42.62578381103123
"5","bench/./skelrm-eden 11213 256",4.637621982971448,128,64.93522580569667
"6","bench/./skelrm-eden 11213 256",4.056114445095341,256,74.2447075254148
"7","bench/./skelrm-eden 11213 256",5.11501497458251,512,58.874711445061465
