"","name","time","nCores","speedup"
"1","bench/./skelrm-parr-eden-cp 9941 32",28.051867928972925,1,1.0
"2","bench/./skelrm-parr-eden-cp 9941 32",14.203583012542143,2,1.9749853191411193
"3","bench/./skelrm-parr-eden-cp 9941 32",7.433188024954616,4,3.7738676641566857
"4","bench/./skelrm-parr-eden-cp 9941 32",3.858465953680439,8,7.270212635209429
"5","bench/./skelrm-parr-eden-cp 9941 32",2.213617544993735,16,12.672409464956745
"6","bench/./skelrm-parr-eden-cp 9941 32",1.7664046525890094,32,15.880771083713723
